Price,price,log_return
Ticker,^GSPC,
Date,,
2015-01-05,2020.5799560546875,-0.01844721353258727
2015-01-06,2002.6099853515625,-0.00893325469070017
2015-01-07,2025.9000244140625,0.011562735844876304
2015-01-08,2062.139892578125,0.017730168127155693
2015-01-09,2044.81005859375,-0.008439322147078786
2015-01-12,2028.260009765625,-0.008126616843470486
2015-01-13,2023.030029296875,-0.0025818854358163217
2015-01-14,2011.27001953125,-0.00583002896797565
2015-01-15,1992.6700439453125,-0.009290903004567546
2015-01-16,2019.4200439453125,0.013334893186267299
2015-01-20,2022.550048828125,0.001548752433400387
2015-01-21,2032.1199951171875,0.004720465022189361
2015-01-22,2063.14990234375,0.015154313070630327
2015-01-23,2051.820068359375,-0.005506656279301935
2015-01-26,2057.090087890625,0.0025651679986232745
2015-01-27,2029.550048828125,-0.013478287815857576
2015-01-28,2002.1600341796875,-0.01358750281102202
2015-01-29,2021.25,0.00948951705826357
2015-01-30,1994.989990234375,-0.013077099006318498
2015-02-02,2020.8499755859375,0.012879170000215516
2015-02-03,2050.030029296875,0.014336238577453099
2015-02-04,2041.510009765625,-0.0041647065724529616
2015-02-05,2062.52001953125,0.010238810710909235
2015-02-06,2055.469970703125,-0.00342402761187852
2015-02-09,2046.739990234375,-0.004256239310481708
2015-02-10,2068.590087890625,0.010618979554062366
2015-02-11,2068.530029296875,-2.9034010158247172e-05
2015-02-12,2088.47998046875,0.009598295065916026
2015-02-13,2096.989990234375,0.004066459227779422
2015-02-17,2100.340087890625,0.0015962996977983961
2015-02-18,2099.679931640625,-0.00031435862322874816
2015-02-19,2097.449951171875,-0.0010626217157189283
2015-02-20,2110.300048828125,0.006107842721055837
2015-02-23,2109.659912109375,-0.000303385211985694
2015-02-24,2115.47998046875,0.002754972468831103
2015-02-25,2113.860107421875,-0.0007660169636026022
2015-02-26,2110.739990234375,-0.00147711863025381
2015-02-27,2104.5,-0.0029606830486323707
2015-03-02,2117.389892578125,0.0061062381811330165
2015-03-03,2107.780029296875,-0.004548872603817568
2015-03-04,2098.530029296875,-0.004398161230154572
2015-03-05,2101.0400390625,0.001195365251036089
2015-03-06,2071.260009765625,-0.014275356362467066
2015-03-09,2079.429931640625,0.003936662357975969
2015-03-10,2044.1600341796875,-0.017106820937141425
2015-03-11,2040.239990234375,-0.001919520676484767
2015-03-12,2065.949951171875,0.012522702206037068
2015-03-13,2053.39990234375,-0.006093237090196838
2015-03-16,2081.18994140625,0.013442909023855906
2015-03-17,2074.280029296875,-0.0033256977077820026
2015-03-18,2099.5,0.012085101501628708
2015-03-19,2089.27001953125,-0.004884489126950175
2015-03-20,2108.10009765625,0.008972382193259682
2015-03-23,2104.419921875,-0.0017472566067133015
2015-03-24,2091.5,-0.006158345701590925
2015-03-25,2061.050048828125,-0.014665926527239062
2015-03-26,2056.14990234375,-0.0023803307374738966
2015-03-27,2061.02001953125,0.0023657607295033602
2015-03-30,2086.239990234375,0.012162382647149434
2015-03-31,2067.889892578125,-0.008834686217530795
2015-04-01,2059.68994140625,-0.0039732542018475255
2015-04-02,2066.9599609375,0.0035234523037141535
2015-04-06,2080.6201171875,0.006587072647165644
2015-04-07,2076.330078125,-0.002064032708587167
2015-04-08,2081.89990234375,0.0026789415573472003
2015-04-09,2091.179931640625,0.004447575873625805
2015-04-10,2102.06005859375,0.005189376899456221
2015-04-13,2092.429931640625,-0.004591806820961145
2015-04-14,2095.840087890625,0.00162843225851382
2015-04-15,2106.6298828125,0.005134989044995592
2015-04-16,2104.989990234375,-0.0007787467579851993
2015-04-17,2081.179931640625,-0.01137570418905323
2015-04-20,2100.39990234375,0.009192748586536723
2015-04-21,2097.2900390625,-0.001481702504767951
2015-04-22,2107.9599609375,0.005074582853386292
2015-04-23,2112.929931640625,0.0023549408425523675
2015-04-24,2117.68994140625,0.0022502668247534868
2015-04-27,2108.919921875,-0.004149913240734652
2015-04-28,2114.760009765625,0.0027654044373465075
2015-04-29,2106.85009765625,-0.003747348127573222
2015-04-30,2085.510009765625,-0.010180553033248205
2015-05-01,2108.2900390625,0.010863776563455257
2015-05-04,2114.489990234375,0.0029364331477630206
2015-05-05,2089.4599609375,-0.0119080033585301
2015-05-06,2080.14990234375,-0.004465681140931977
2015-05-07,2088.0,0.003766710469475405
2015-05-08,2116.10009765625,0.013368147987361164
2015-05-11,2105.330078125,-0.005102556456082039
2015-05-12,2099.1201171875,-0.002953996439367266
2015-05-13,2098.47998046875,-0.0003050012906516677
2015-05-14,2121.10009765625,0.010721604261760033
2015-05-15,2122.72998046875,0.0007681188278664758
2015-05-18,2129.199951171875,0.003043312472570502
2015-05-19,2127.830078125,-0.0006435815978420154
2015-05-20,2125.85009765625,-0.0009309494507940488
2015-05-21,2130.820068359375,0.0023351459087448084
2015-05-22,2126.06005859375,-0.0022363851494835974
2015-05-26,2104.199951171875,-0.010335204907502334
2015-05-27,2123.47998046875,0.009120918929110081
2015-05-28,2120.7900390625,-0.0012675639174870542
2015-05-29,2107.389892578125,-0.006338515184097658
2015-06-01,2111.72998046875,0.002057343499147661
2015-06-02,2109.60009765625,-0.0010091051653478204
2015-06-03,2114.070068359375,0.0021166294697559994
2015-06-04,2095.840087890625,-0.008660562215101069
2015-06-05,2092.830078125,-0.0014372152327325357
2015-06-08,2079.280029296875,-0.006495560338305542
2015-06-09,2080.14990234375,0.00041826551900276467
2015-06-10,2105.199951171875,0.011970491752514406
2015-06-11,2108.860107421875,0.0017371167565281324
2015-06-12,2094.110107421875,-0.007018874653102703
2015-06-15,2084.429931640625,-0.004633289621771348
2015-06-16,2096.2900390625,0.005673730515753803
2015-06-17,2100.43994140625,0.0019776843950728407
2015-06-18,2121.239990234375,0.009854000054008836
2015-06-19,2109.989990234375,-0.00531761523794962
2015-06-22,2122.85009765625,0.006076367981542122
2015-06-23,2124.199951171875,0.0006356664251933869
2015-06-24,2108.580078125,-0.007380465718305258
2015-06-25,2102.31005859375,-0.0029780041565964136
2015-06-26,2101.489990234375,-0.00039015574492238484
2015-06-29,2057.639892578125,-0.02108696950861153
2015-06-30,2063.110107421875,0.0026549623524674106
2015-07-01,2077.419921875,0.006912096434637041
2015-07-02,2076.780029296875,-0.00030807018954653404
2015-07-06,2068.760009765625,-0.003869232698897424
2015-07-07,2081.340087890625,0.006062560593868743
2015-07-08,2046.6800537109375,-0.016792964912141516
2015-07-09,2051.31005859375,0.0022596476448199895
2015-07-10,2076.6201171875,0.012262986385007718
2015-07-13,2099.60009765625,0.011005268507355188
2015-07-14,2108.949951171875,0.00444327323650017
2015-07-15,2107.39990234375,-0.0007352563007372865
2015-07-16,2124.2900390625,0.007982733444475738
2015-07-17,2126.639892578125,0.00110557162445071
2015-07-20,2128.280029296875,0.0007709366240016023
2015-07-21,2119.2099609375,-0.004270796242723094
2015-07-22,2114.14990234375,-0.00239056502019028
2015-07-23,2102.14990234375,-0.0056922102113794535
2015-07-24,2079.64990234375,-0.010761020696661188
2015-07-27,2067.639892578125,-0.005791755065064178
2015-07-28,2093.25,0.012310073801889353
2015-07-29,2108.570068359375,0.007292142927383681
2015-07-30,2108.6298828125,2.836690402236809e-05
2015-07-31,2103.840087890625,-0.002274103801051709
2015-08-03,2098.0400390625,-0.0027606939449045503
2015-08-04,2093.320068359375,-0.0022522391669328678
2015-08-05,2099.840087890625,0.003109838185490679
2015-08-06,2083.56005859375,-0.007783195922562142
2015-08-07,2077.570068359375,-0.0028790228563377145
2015-08-10,2104.179931640625,0.012726835632025084
2015-08-11,2084.070068359375,-0.00960306468018227
2015-08-12,2086.050048828125,0.0009496036382146948
2015-08-13,2083.389892578125,-0.0012760258683812036
2015-08-14,2091.5400390625,0.0039043322743591373
2015-08-17,2102.43994140625,0.005197891709402951
2015-08-18,2096.919921875,-0.0026289829356331003
2015-08-19,2079.610107421875,-0.008289136409597112
2015-08-20,2035.72998046875,-0.021325960454146156
2015-08-21,1970.8900146484375,-0.03236924252187817
2015-08-24,1893.2099609375,-0.04021144434651928
2015-08-25,1867.6099853515625,-0.013614249742655897
2015-08-26,1940.510009765625,0.03829129943453164
2015-08-27,1987.6600341796875,0.02400725448969004
2015-08-28,1988.8699951171875,0.0006085511568762156
2015-08-31,1972.1800537109375,-0.008427078663984055
2015-09-01,1913.8499755859375,-0.030022649842427997
2015-09-02,1948.8599853515625,0.01812767142321464
2015-09-03,1951.1300048828125,0.0011641156994188924
2015-09-04,1921.219970703125,-0.015448308754276238
2015-09-08,1969.4100341796875,0.024773637197038505
2015-09-09,1942.0400390625,-0.013995035769084717
2015-09-10,1952.2900390625,0.005264075444935658
2015-09-11,1961.050048828125,0.004477006444986281
2015-09-14,1953.030029296875,-0.00409804122304381
2015-09-15,1978.0899658203125,0.01274968763143236
2015-09-16,1995.31005859375,0.0086677407153759
2015-09-17,1990.199951171875,-0.002564344442560099
2015-09-18,1958.030029296875,-0.01629623095438354
2015-09-21,1966.969970703125,0.004555392033672697
2015-09-22,1942.739990234375,-0.012394930019378313
2015-09-23,1938.760009765625,-0.002050744229593947
2015-09-24,1932.239990234375,-0.00336865187130644
2015-09-25,1931.3399658203125,-0.00046590180122054944
2015-09-28,1881.77001953125,-0.026001211162809106
2015-09-29,1884.0899658203125,0.001232093912981713
2015-09-30,1920.030029296875,0.01889589860356512
2015-10-01,1923.8199462890625,0.001971938678337173
2015-10-02,1951.3599853515625,0.014213793016405511
2015-10-05,1987.050048828125,0.018124593518502156
2015-10-06,1979.9200439453125,-0.0035946893441432997
2015-10-07,1995.8299560546875,0.008003519857552759
2015-10-08,2013.4300537109375,0.008779780144558488
2015-10-09,2014.8900146484375,0.0007248485605153577
2015-10-12,2017.4599609375,0.0012746644773328382
2015-10-13,2003.68994140625,-0.006848823690127077
2015-10-14,1994.239990234375,-0.0047274309119391435
2015-10-15,2023.8599853515625,0.014743551351355088
2015-10-16,2033.1099853515625,0.004560061373697022
2015-10-19,2033.6600341796875,0.0002705089438730595
2015-10-20,2030.77001953125,-0.0014221010558937615
2015-10-21,2018.93994140625,-0.005842448911134253
2015-10-22,2052.510009765625,0.016490847012594123
2015-10-23,2075.14990234375,0.010969953969042788
2015-10-26,2071.179931640625,-0.0019149330011001104
2015-10-27,2065.889892578125,-0.00255738586508774
2015-10-28,2090.35009765625,0.011770488488143476
2015-10-29,2089.409912109375,-0.00044987538066072313
2015-10-30,2079.360107421875,-0.004821481688425431
2015-11-02,2104.050048828125,0.011803876338814608
2015-11-03,2109.7900390625,0.0027243529250675206
2015-11-04,2102.31005859375,-0.003551666939647187
2015-11-05,2099.929931640625,-0.0011327897564983025
2015-11-06,2099.199951171875,-0.00034768178002366065
2015-11-09,2078.580078125,-0.009871290656502512
2015-11-10,2081.719970703125,0.0015094551534496445
2015-11-11,2075.0,-0.003233307321568946
2015-11-12,2045.969970703125,-0.014089163336632673
2015-11-13,2023.0400390625,-0.011270640432155438
2015-11-16,2053.18994140625,0.014793302794234362
2015-11-17,2050.43994140625,-0.0013402770182465746
2015-11-18,2083.580078125,0.016033229877172244
2015-11-19,2081.239990234375,-0.0011237403289792015
2015-11-20,2089.169921875,0.0038029552801494165
2015-11-23,2086.590087890625,-0.0012356238416840882
2015-11-24,2089.139892578125,0.0012212499449607925
2015-11-25,2088.8701171875,-0.00012914061496715576
2015-11-27,2090.110107421875,0.0005934415594808398
2015-11-30,2080.409912109375,-0.004651800139618441
2015-12-01,2102.6298828125,0.01062393894673922
2015-12-02,2079.510009765625,-0.011056592639448921
2015-12-03,2049.6201171875,-0.014477826444150087
2015-12-04,2091.68994140625,0.02031785636385123
2015-12-07,2077.070068359375,-0.007014043960397749
2015-12-08,2063.590087890625,-0.006511052625594547
2015-12-09,2047.6199951171875,-0.007769086365692726
2015-12-10,2052.22998046875,0.0022488565785946774
2015-12-11,2012.3699951171875,-0.01961386775581532
2015-12-14,2021.93994140625,0.0047442880640680245
2015-12-15,2043.4100341796875,0.010562580105914385
2015-12-16,2073.070068359375,0.014410635650771483
2015-12-17,2041.8900146484375,-0.015154776635876313
2015-12-18,2005.550048828125,-0.017957495007106937
2015-12-21,2021.1500244140625,0.0077483067271562
2015-12-22,2038.969970703125,0.008778095591568889
2015-12-23,2064.2900390625,0.012341596527553888
2015-12-24,2060.989990234375,-0.0015999154038633197
2015-12-28,2056.5,-0.002180936456306017
2015-12-29,2078.360107421875,0.010573664173022947
2015-12-30,2063.360107421875,-0.007243398783778549
2015-12-31,2043.93994140625,-0.009456485041467845
2016-01-04,2012.6600341796875,-0.015422041797805928
2016-01-05,2016.7099609375,0.0020102041393599396
2016-01-06,1990.260009765625,-0.01320216300262602
2016-01-07,1943.0899658203125,-0.023985816519344776
2016-01-08,1922.030029296875,-0.010897537445847908
2016-01-11,1923.6700439453125,0.0008529082958226729
2016-01-12,1938.6800537109375,0.00777251411777486
2016-01-13,1890.280029296875,-0.025282375077909022
2016-01-14,1921.8399658203125,0.016558060934383972
2016-01-15,1880.3299560546875,-0.021835772698162375
2016-01-19,1881.3299560546875,0.0005316801874288286
2016-01-20,1859.3299560546875,-0.011762766025898373
2016-01-21,1868.989990234375,0.005181988635948063
2016-01-22,1906.9000244140625,0.02008072688221347
2016-01-25,1877.0799560546875,-0.015761545172821467
2016-01-26,1903.6300048828125,0.014045237830367907
2016-01-27,1882.949951171875,-0.010922922300528425
2016-01-28,1893.3599853515625,0.005513350717591524
2016-01-29,1940.239990234375,0.024458650994556432
2016-02-01,1939.3800048828125,-0.00044333484554180534
2016-02-02,1903.030029296875,-0.01892096871823143
2016-02-03,1912.530029296875,0.0049796200215740235
2016-02-04,1915.449951171875,0.0015255682925234377
2016-02-05,1880.050048828125,-0.018654158276351848
2016-02-08,1853.43994140625,-0.014255057923057347
2016-02-09,1852.2099609375,-0.0006638406467602255
2016-02-10,1851.8599853515625,-0.00018896813076091644
2016-02-11,1829.0799560546875,-0.012377447329256216
2016-02-12,1864.780029296875,0.01933001520704595
2016-02-16,1895.5799560546875,0.016381737741684915
2016-02-17,1926.8199462890625,0.016346110625641338
2016-02-18,1917.8299560546875,-0.004676632123934705
2016-02-19,1917.780029296875,-2.60332818018429e-05
2016-02-22,1945.5,0.014350731099076084
2016-02-23,1921.27001953125,-0.01253257757078849
2016-02-24,1929.800048828125,0.0044299600346319485
2016-02-25,1951.699951171875,0.011284366730450844
2016-02-26,1948.050048828125,-0.0018718653295646535
2016-02-29,1932.22998046875,-0.008154131091571704
2016-03-01,1978.3499755859375,0.023588385401618943
2016-03-02,1986.449951171875,0.0040859498611017005
2016-03-03,1993.4000244140625,0.003492634320316937
2016-03-04,1999.989990234375,0.0033004398659416986
2016-03-07,2001.760009765625,0.0008846228008639487
2016-03-08,1979.260009765625,-0.011303756056006186
2016-03-09,1989.260009765625,0.00503967278281425
2016-03-10,1989.5699462890625,0.00015579279712262694
2016-03-11,2022.18994140625,0.016262545588851488
2016-03-14,2019.6400146484375,-0.0012617686166117468
2016-03-15,2015.9300537109375,-0.0018386309343179589
2016-03-16,2027.219970703125,0.005584727881779697
2016-03-17,2040.5899658203125,0.006573583068596323
2016-03-18,2049.580078125,0.004395967251026178
2016-03-21,2051.60009765625,0.0009850919042923014
2016-03-22,2049.800048828125,-0.0008777728967722512
2016-03-23,2036.7099609375,-0.00640650953066712
2016-03-24,2035.93994140625,-0.0003781417793768198
2016-03-28,2037.050048828125,0.000545106888072358
2016-03-29,2055.010009765625,0.00877801205423741
2016-03-30,2063.949951171875,0.0043408799935662195
2016-03-31,2059.739990234375,-0.0020418423596207116
2016-04-01,2072.780029296875,0.006310959066599757
2016-04-04,2066.1298828125,-0.003213480045854618
2016-04-05,2045.1700439453125,-0.01019629841179453
2016-04-06,2066.659912109375,0.01045279793201316
2016-04-07,2041.9100341796875,-0.012048073970004866
2016-04-08,2047.5999755859375,0.002782702604616504
2016-04-11,2041.989990234375,-0.0027435458896039448
2016-04-12,2061.719970703125,0.009615753881389974
2016-04-13,2082.419921875,0.009990069768557895
2016-04-14,2082.780029296875,0.00017291243013242585
2016-04-15,2080.72998046875,-0.000984769576145959
2016-04-18,2094.340087890625,0.006519725613797989
2016-04-19,2100.800048828125,0.0030797379028665328
2016-04-20,2102.39990234375,0.0007612550492345003
2016-04-21,2091.47998046875,-0.005207562857292034
2016-04-22,2091.580078125,4.785857954074228e-05
2016-04-25,2087.7900390625,-0.0018136896207629953
2016-04-26,2091.699951171875,0.0018710001742369307
2016-04-27,2095.14990234375,0.0016479941117468401
2016-04-28,2075.81005859375,-0.00927363606156167
2016-04-29,2065.300048828125,-0.005075949230557177
2016-05-02,2081.429931640625,0.007779606697244105
2016-05-03,2063.3701171875,-0.008714499388395887
2016-05-04,2051.1201171875,-0.00595458270547255
2016-05-05,2050.6298828125,-0.00023903669279415213
2016-05-06,2057.139892578125,0.0031696105535526063
2016-05-09,2058.68994140625,0.0007532133076099479
2016-05-10,2084.389892578125,0.012406365236037333
2016-05-11,2064.4599609375,-0.009607522877868724
2016-05-12,2064.110107421875,-0.00016947926796424465
2016-05-13,2046.6099853515625,-0.008514434161752484
2016-05-16,2066.659912109375,0.009748976389612767
2016-05-17,2047.2099609375,-0.009455863552162807
2016-05-18,2047.6300048828125,0.00020515768640127935
2016-05-19,2040.0400390625,-0.0037135945227206248
2016-05-20,2052.320068359375,0.006001459222804671
2016-05-23,2048.0400390625,-0.0020876365681016884
2016-05-24,2076.06005859375,0.013588637533990108
2016-05-25,2090.5400390625,0.006950529651583447
2016-05-26,2090.10009765625,-0.0002104660499285901
2016-05-27,2099.06005859375,0.004277694939439437
2016-05-31,2096.949951171875,-0.0010057686205899895
2016-06-01,2099.330078125,0.001134398653926189
2016-06-02,2105.260009765625,0.002820696166986195
2016-06-03,2099.1298828125,-0.002916062236694851
2016-06-06,2109.409912109375,0.004885328519363624
2016-06-07,2112.1298828125,0.001288615629197613
2016-06-08,2119.1201171875,0.0033041019719547236
2016-06-09,2115.47998046875,-0.0017192355978938075
2016-06-10,2096.070068359375,-0.009217532410166119
2016-06-13,2079.06005859375,-0.008148298789709478
2016-06-14,2075.320068359375,-0.0018005050719719037
2016-06-15,2071.5,-0.0018424090638101951
2016-06-16,2077.989990234375,0.0031280931110455722
2016-06-17,2071.219970703125,-0.003263284144608922
2016-06-20,2083.25,0.0057913827784231015
2016-06-21,2088.89990234375,0.002708390604209703
2016-06-22,2085.449951171875,-0.00165292899657585
2016-06-23,2113.320068359375,0.013275567071955107
2016-06-24,2037.4100341796875,-0.03658079280558263
2016-06-27,2000.5400390625,-0.018262246511702756
2016-06-28,2036.0899658203125,0.01761412160408792
2016-06-29,2070.77001953125,0.016889242971253916
2016-06-30,2098.860107421875,0.013473863149466128
2016-07-01,2102.949951171875,0.0019467062930320223
2016-07-05,2088.550048828125,-0.006871028985598719
2016-07-06,2099.72998046875,0.0053386870582759595
2016-07-07,2097.89990234375,-0.0008719578867330009
2016-07-08,2129.89990234375,0.0151381865659924
2016-07-11,2137.159912109375,0.0034028193119982385
2016-07-12,2152.139892578125,0.006984842307345719
2016-07-13,2152.429931640625,0.00013475867498170382
2016-07-14,2163.75,0.005245422801696999
2016-07-15,2161.739990234375,-0.0009293790598711438
2016-07-18,2166.889892578125,0.0023794618218687365
2016-07-19,2163.780029296875,-0.0014362045004153862
2016-07-20,2173.02001953125,0.004261208315763991
2016-07-21,2165.169921875,-0.003619069856524976
2016-07-22,2175.030029296875,0.004543626789510244
2016-07-25,2168.47998046875,-0.0030160187399297005
2016-07-26,2169.179931640625,0.0003227321607194127
2016-07-27,2166.580078125,-0.001199260946808637
2016-07-28,2170.06005859375,0.001604920448092453
2016-07-29,2173.60009765625,0.0016299801176578648
2016-08-01,2170.840087890625,-0.0012705941474910585
2016-08-02,2157.030029296875,-0.006381940812667669
2016-08-03,2163.7900390625,0.0031290427160710972
2016-08-04,2164.25,0.00021254929948908707
2016-08-05,2182.8701171875,0.00856669728938006
2016-08-08,2180.889892578125,-0.0009075772915415996
2016-08-09,2181.739990234375,0.00038971798655598234
2016-08-10,2175.489990234375,-0.0028687970634882847
2016-08-11,2185.7900390625,0.004723415102443644
2016-08-12,2184.050048828125,-0.0007963633869140575
2016-08-15,2190.14990234375,0.002789016294521772
2016-08-16,2178.14990234375,-0.0054941422164782264
2016-08-17,2182.219970703125,0.0018668460061555662
2016-08-18,2187.02001953125,0.002197201696382422
2016-08-19,2183.8701171875,-0.0014413095687681864
2016-08-22,2182.639892578125,-0.0005634818833231075
2016-08-23,2186.89990234375,0.001949867178361733
2016-08-24,2175.43994140625,-0.005254055259671874
2016-08-25,2172.469970703125,-0.001366160396645455
2016-08-26,2169.0400390625,-0.001580064238713279
2016-08-29,2180.3798828125,0.005214428428674345
2016-08-30,2176.1201171875,-0.001955591407122778
2016-08-31,2170.949951171875,-0.0023786911055626065
2016-09-01,2170.860107421875,-4.138538941144249e-05
2016-09-02,2179.97998046875,0.004192241599034617
2016-09-06,2186.47998046875,0.002977242370005349
2016-09-07,2186.159912109375,-0.00014639593829345095
2016-09-08,2181.300048828125,-0.0022254881924702883
2016-09-09,2127.81005859375,-0.024827742410836417
2016-09-12,2159.0400390625,0.014570387233434434
2016-09-13,2127.02001953125,-0.014941748278210834
2016-09-14,2125.77001953125,-0.0005878493998128358
2016-09-15,2147.260009765625,0.01005851644943989
2016-09-16,2139.159912109375,-0.0037794277955721
2016-09-19,2139.1201171875,-1.8603233824686035e-05
2016-09-20,2139.760009765625,0.0002990934842341777
2016-09-21,2163.1201171875,0.010858000333635954
2016-09-22,2177.179931640625,0.006478751917642122
2016-09-23,2164.68994140625,-0.005753292959718776
2016-09-26,2146.10009765625,-0.008624850117916047
2016-09-27,2159.929931640625,0.006423495165298114
2016-09-28,2171.3701171875,0.005282576603642458
2016-09-29,2151.1298828125,-0.009365127730081198
2016-09-30,2168.27001953125,0.0079363925880277
2016-10-03,2161.199951171875,-0.003266023181527122
2016-10-04,2150.489990234375,-0.004967881786362002
2016-10-05,2159.72998046875,0.004287486231196994
2016-10-06,2160.77001953125,0.0004814438526045025
2016-10-07,2153.739990234375,-0.0032587874416142044
2016-10-10,2163.659912109375,0.004595330317324387
2016-10-11,2136.72998046875,-0.012524577697755964
2016-10-12,2139.179931640625,0.0011459322063988205
2016-10-13,2132.550048828125,-0.0031040764122339942
2016-10-14,2132.97998046875,0.0002015841591211507
2016-10-17,2126.5,-0.0030426181118402627
2016-10-18,2139.60009765625,0.00614150560569863
2016-10-19,2144.2900390625,0.0021895721553504997
2016-10-20,2141.340087890625,-0.0013766711313809553
2016-10-21,2141.159912109375,-8.414514015477906e-05
2016-10-24,2151.330078125,0.004738594647427366
2016-10-25,2143.159912109375,-0.0038049574647063588
2016-10-26,2139.429931640625,-0.001741927921187231
2016-10-27,2133.0400390625,-0.0029911959060088668
2016-10-28,2126.409912109375,-0.00311314013962507
2016-10-31,2126.14990234375,-0.0001222838841985538
2016-11-01,2111.719970703125,-0.006810019108735079
2016-11-02,2097.93994140625,-0.006546884453454001
2016-11-03,2088.659912109375,-0.004433213022609399
2016-11-04,2085.179931640625,-0.0016675202716929607
2016-11-07,2131.52001953125,0.0219801997294649
2016-11-08,2139.56005859375,0.0037648783971575305
2016-11-09,2163.260009765625,0.011016119879656035
2016-11-10,2167.47998046875,0.001948845716095396
2016-11-11,2164.449951171875,-0.0013989283477976058
2016-11-14,2164.199951171875,-0.00011550945718323702
2016-11-15,2180.389892578125,0.007452955022089459
2016-11-16,2176.93994140625,-0.0015835165223759536
2016-11-17,2187.1201171875,0.004665469361197901
2016-11-18,2181.89990234375,-0.00238965136554844
2016-11-21,2198.179931640625,0.007433702070873876
2016-11-22,2202.93994140625,0.002163091103593048
2016-11-23,2204.719970703125,0.000807698156908801
2016-11-25,2213.35009765625,0.003906745613423708
2016-11-28,2201.719970703125,-0.0052683892547352165
2016-11-29,2204.659912109375,0.001334402353261901
2016-11-30,2198.81005859375,-0.0026569305551563936
2016-12-01,2191.080078125,-0.003521722966763813
2016-12-02,2191.949951171875,0.0003969277200846238
2016-12-05,2204.7099609375,0.005804426926743671
2016-12-06,2212.22998046875,0.0034050844688746093
2016-12-07,2241.35009765625,0.013077358744723351
2016-12-08,2246.18994140625,0.0021570150168711013
2016-12-09,2259.530029296875,0.005921418532969715
2016-12-12,2256.9599609375,-0.001138082290599516
2016-12-13,2271.719970703125,0.00651848320123699
2016-12-14,2253.280029296875,-0.008150295461858616
2016-12-15,2262.030029296875,0.0038757076875535726
2016-12-16,2258.070068359375,-0.0017521567509802415
2016-12-19,2262.530029296875,0.0019731727152112587
2016-12-20,2270.760009765625,0.0036309124011527547
2016-12-21,2265.179931640625,-0.0024603857246776667
2016-12-22,2260.9599609375,-0.0018647112223965044
2016-12-23,2263.7900390625,0.0012509325350792359
2016-12-27,2268.8798828125,0.0022458489045486347
2016-12-28,2249.919921875,-0.008391640709771516
2016-12-29,2249.260009765625,-0.00029334773186837293
2016-12-30,2238.830078125,-0.004647834696854234
2017-01-03,2257.830078125,0.008450766753157112
2017-01-04,2270.75,0.005705963770549438
2017-01-05,2269.0,-0.0007709676024811847
2017-01-06,2276.97998046875,0.0035107891805790594
2017-01-09,2268.89990234375,-0.003554905471559629
2017-01-10,2268.89990234375,0.0
2017-01-11,2275.320068359375,0.0028256423891019514
2017-01-12,2270.43994140625,-0.002147112393729617
2017-01-13,2274.639892578125,0.0018481313951466559
2017-01-17,2267.889892578125,-0.0029719144562184454
2017-01-18,2271.889892578125,0.0017622004698093201
2017-01-19,2263.68994140625,-0.003615837624319374
2017-01-20,2271.31005859375,0.0033605840612999428
2017-01-23,2265.199951171875,-0.002693749646069815
2017-01-24,2280.070068359375,0.006543140528962317
2017-01-25,2298.3701171875,0.007994052795968681
2017-01-26,2296.679931640625,-0.0007356549352631034
2017-01-27,2294.68994140625,-0.0008668394897415927
2017-01-30,2280.89990234375,-0.006027673496096654
2017-01-31,2278.8701171875,-0.0008903016080325452
2017-02-01,2279.550048828125,0.00029831898811628964
2017-02-02,2280.85009765625,0.0005701468386910137
2017-02-03,2297.419921875,0.007238496854553608
2017-02-06,2292.56005859375,-0.002117597513709103
2017-02-07,2293.080078125,0.00022680346384577153
2017-02-08,2294.669921875,0.0006930821486096318
2017-02-09,2307.8701171875,0.00573606373596025
2017-02-10,2316.10009765625,0.0035597068220090916
2017-02-13,2328.25,0.005232133584011204
2017-02-14,2337.580078125,0.003999327195672579
2017-02-15,2349.25,0.00497988866573445
2017-02-16,2347.219970703125,-0.0008644916015501692
2017-02-17,2351.159912109375,0.001677149327237158
2017-02-21,2365.3798828125,0.0060298500200691545
2017-02-22,2362.820068359375,-0.001082786146804093
2017-02-23,2363.81005859375,0.00041889897125923353
2017-02-24,2367.340087890625,0.0014922502320316529
2017-02-27,2369.75,0.0010174652677336642
2017-02-28,2363.639892578125,-0.0025817061151949088
2017-03-01,2395.9599609375,0.013581211083725323
2017-03-02,2381.919921875,-0.0058771169721052695
2017-03-03,2383.1201171875,0.0005037503685347897
2017-03-06,2375.31005859375,-0.0032826227635658124
2017-03-07,2368.389892578125,-0.0029176259020898777
2017-03-08,2362.97998046875,-0.002286827964063899
2017-03-09,2364.8701171875,0.0007995756127663866
2017-03-10,2372.60009765625,0.0032633397058585423
2017-03-13,2373.469970703125,0.0003665656191696328
2017-03-14,2365.449951171875,-0.003384748980891005
2017-03-15,2385.260009765625,0.008339879124686365
2017-03-16,2381.3798828125,-0.0016280347991836145
2017-03-17,2378.25,-0.0013151792642314352
2017-03-20,2373.469970703125,-0.0020119160803802947
2017-03-21,2344.02001953125,-0.012485594590102116
2017-03-22,2348.449951171875,0.0018881028474626675
2017-03-23,2345.9599609375,-0.001060832144830083
2017-03-24,2343.97998046875,-0.0008443522139384829
2017-03-27,2341.590087890625,-0.0010201075858456302
2017-03-28,2358.570068359375,0.007225308829623951
2017-03-29,2361.1298828125,0.0010847362038301697
2017-03-30,2368.06005859375,0.0029308109117050134
2017-03-31,2362.719970703125,-0.0022575939382668176
2017-04-03,2358.840087890625,-0.0016434753080133316
2017-04-04,2360.159912109375,0.0005593660746613713
2017-04-05,2352.949951171875,-0.003059536811522123
2017-04-06,2357.489990234375,0.001927650293734993
2017-04-07,2355.5400390625,-0.0008274724629448716
2017-04-10,2357.159912109375,0.000687450135783276
2017-04-11,2353.780029296875,-0.0014349082919582845
2017-04-12,2344.929931640625,-0.0037670374189869064
2017-04-13,2328.949951171875,-0.006838020289804216
2017-04-17,2349.010009765625,0.008576465691107291
2017-04-18,2342.18994140625,-0.0029076028458332546
2017-04-19,2338.169921875,-0.0017178253968685745
2017-04-20,2355.840087890625,0.0075288503629738525
2017-04-21,2348.68994140625,-0.0030396881071153782
2017-04-24,2374.14990234375,0.010781736588111827
2017-04-25,2388.610107421875,0.006072214211751177
2017-04-26,2387.449951171875,-0.0004858214756873499
2017-04-27,2388.77001953125,0.0005527670002992063
2017-04-28,2384.199951171875,-0.0019149794714900413
2017-05-01,2388.330078125,0.0017307918268938255
2017-05-02,2391.169921875,0.0011883435858115294
2017-05-03,2388.1298828125,-0.0012721693958273864
2017-05-04,2389.52001953125,0.0005819332878695465
2017-05-05,2399.2900390625,0.00408035940747836
2017-05-08,2399.3798828125,3.7445271907879016e-05
2017-05-09,2396.919921875,-0.0010257745567932176
2017-05-10,2399.6298828125,0.0011299627174494742
2017-05-11,2394.43994140625,-0.0021651513741066187
2017-05-12,2390.89990234375,-0.0014795353407942593
2017-05-15,2402.320068359375,0.0047651423030152336
2017-05-16,2400.669921875,-0.0006871330369860457
2017-05-17,2357.030029296875,-0.018345468171115042
2017-05-18,2365.719970703125,0.003680038627215951
2017-05-19,2381.72998046875,0.0067447032082007
2017-05-22,2394.02001953125,0.00514686329600843
2017-05-23,2398.419921875,0.0018361851723804105
2017-05-24,2404.389892578125,0.0024860338045762944
2017-05-25,2415.070068359375,0.004432112041978175
2017-05-26,2415.820068359375,0.00031050178530242343
2017-05-30,2412.909912109375,-0.0012053507295338199
2017-05-31,2411.800048828125,-0.0004600746199513276
2017-06-01,2430.06005859375,0.0075425955848472245
2017-06-02,2439.070068359375,0.00370087461804602
2017-06-05,2436.10009765625,-0.0012184071404286387
2017-06-06,2429.330078125,-0.0027829086662040834
2017-06-07,2433.139892578125,0.0015670287963475379
2017-06-08,2433.7900390625,0.00026716903566476714
2017-06-09,2431.77001953125,-0.0008303338661872762
2017-06-12,2429.389892578125,-0.0009792424797181137
2017-06-13,2440.35009765625,0.00450135884323014
2017-06-14,2437.919921875,-0.0009963269653176028
2017-06-15,2432.4599609375,-0.002242109796840374
2017-06-16,2433.14990234375,0.00028359915005969524
2017-06-19,2453.4599609375,0.008312583206893995
2017-06-20,2437.030029296875,-0.0067191604469316645
2017-06-21,2435.610107421875,-0.0005828141932715965
2017-06-22,2434.5,-0.0004558859724380852
2017-06-23,2438.300048828125,0.0015596985554090976
2017-06-26,2439.070068359375,0.00031575193973236123
2017-06-27,2419.3798828125,-0.008105586575672907
2017-06-28,2440.68994140625,0.008769501646551084
2017-06-29,2419.699951171875,-0.008637216844141348
2017-06-30,2423.409912109375,0.0015320576108735333
2017-07-03,2429.010009765625,0.0023081679791475806
2017-07-05,2432.5400390625,0.0014522240362887008
2017-07-06,2409.75,-0.009412987306866183
2017-07-07,2425.179931640625,0.006382712569615801
2017-07-10,2427.429931640625,0.0009273361035125654
2017-07-11,2425.530029296875,-0.0007829870660821734
2017-07-12,2443.25,0.007279050947821435
2017-07-13,2447.830078125,0.001872829473473065
2017-07-14,2459.27001953125,0.004662616170009233
2017-07-17,2459.139892578125,-5.291423670686425e-05
2017-07-18,2460.610107421875,0.0005976786981109875
2017-07-19,2473.830078125,0.00535825821605345
2017-07-20,2473.449951171875,-0.00015367108860704477
2017-07-21,2472.5400390625,-0.0003679393292088825
2017-07-24,2469.909912109375,-0.0010643009954088047
2017-07-25,2477.1298828125,0.002918907519898033
2017-07-26,2477.830078125,0.00028262400611947947
2017-07-27,2475.419921875,-0.0009731616373937137
2017-07-28,2472.10009765625,-0.0013420156781160386
2017-07-31,2470.300048828125,-0.0007284108345598019
2017-08-01,2476.35009765625,0.0024461207749384662
2017-08-02,2477.570068359375,0.0004925274073474498
2017-08-03,2472.159912109375,-0.0021860418349456704
2017-08-04,2476.830078125,0.0018873214175395684
2017-08-07,2480.909912109375,0.0016458446442804673
2017-08-08,2474.919921875,-0.002417352230385335
2017-08-09,2474.02001953125,-0.0003636747927123762
2017-08-10,2438.2099609375,-0.01458021840074153
2017-08-11,2441.320068359375,0.0012747571279871366
2017-08-14,2465.840087890625,0.009993651246049404
2017-08-15,2464.610107421875,-0.00049893232688349
2017-08-16,2468.110107421875,0.0014190955233323716
2017-08-17,2430.010009765625,-0.015557342487191416
2017-08-18,2425.550048828125,-0.0018370536613519935
2017-08-21,2428.3701171875,0.0011619757145661966
2017-08-22,2452.510009765625,0.009891695260625078
2017-08-23,2444.0400390625,-0.0034595701326390073
2017-08-24,2438.969970703125,-0.0020766167471384417
2017-08-25,2443.050048828125,0.0016714716689374216
2017-08-28,2444.239990234375,0.0004869534732960745
2017-08-29,2446.300048828125,0.0008424667620097917
2017-08-30,2457.590087890625,0.004604531788061044
2017-08-31,2471.64990234375,0.0057046735847135445
2017-09-01,2476.550048828125,0.001980578042335197
2017-09-05,2457.85009765625,-0.007579458552144929
2017-09-06,2465.5400390625,0.003123842493144133
2017-09-07,2465.10009765625,-0.00017845204485370908
2017-09-08,2461.429931640625,-0.001489960143457705
2017-09-11,2488.110107421875,0.010780975197147024
2017-09-12,2496.47998046875,0.003358302594883113
2017-09-13,2498.3701171875,0.0007568342480825294
2017-09-14,2495.6201171875,-0.0011013238508279736
2017-09-15,2500.22998046875,0.001845477546159349
2017-09-18,2503.8701171875,0.0014548619291293301
2017-09-19,2506.64990234375,0.0011095796167313857
2017-09-20,2508.239990234375,0.000634146702309437
2017-09-21,2500.60009765625,-0.0030505659469148337
2017-09-22,2502.219970703125,0.0006475839951670207
2017-09-25,2496.659912109375,-0.0022245226998538568
2017-09-26,2496.840087890625,7.216412589487934e-05
2017-09-27,2507.0400390625,0.004076822401987925
2017-09-28,2510.06005859375,0.0012038906289380277
2017-09-29,2519.360107421875,0.0036982630684988258
2017-10-02,2529.1201171875,0.0038665188297123134
2017-10-03,2534.580078125,0.002156511184660919
2017-10-04,2537.739990234375,0.0012459436611136387
2017-10-05,2552.070068359375,0.00563090403129274
2017-10-06,2549.330078125,-0.001074211165239725
2017-10-09,2544.72998046875,-0.0018060638680135568
2017-10-10,2550.639892578125,0.0023197196304780643
2017-10-11,2555.239990234375,0.001801882929663564
2017-10-12,2550.929931640625,-0.0016881771203513885
2017-10-13,2553.169921875,0.0008777220048463043
2017-10-16,2557.639892578125,0.0017492225323057532
2017-10-17,2559.360107421875,0.0006723529054339931
2017-10-18,2561.260009765625,0.0007420595113295467
2017-10-19,2562.10009765625,0.00032794411501048555
2017-10-20,2575.2099609375,0.005103796185030386
2017-10-23,2564.97998046875,-0.003980395312997195
2017-10-24,2569.1298828125,0.0016166008745580412
2017-10-25,2557.14990234375,-0.004673955687259985
2017-10-26,2560.39990234375,0.0012701392506023993
2017-10-27,2581.070068359375,0.008040609979727099
2017-10-30,2572.830078125,-0.0031975773767407194
2017-10-31,2575.260009765625,0.0009440129366793155
2017-11-01,2579.360107421875,0.0015908441079038695
2017-11-02,2579.85009765625,0.00018994776966671517
2017-11-03,2587.840087890625,0.003092289326314394
2017-11-06,2591.1298828125,0.00127044388477643
2017-11-07,2590.639892578125,-0.00018912080508191734
2017-11-08,2594.3798828125,0.0014426139320604147
2017-11-09,2584.6201171875,-0.0037689813393701364
2017-11-10,2582.300048828125,-0.0008980469760537102
2017-11-13,2584.840087890625,0.000983150911293032
2017-11-14,2578.8701171875,-0.0023122805602819227
2017-11-15,2564.6201171875,-0.005540998742123611
2017-11-16,2585.639892578125,0.008162652782972403
2017-11-17,2578.85009765625,-0.002629416978897395
2017-11-20,2582.139892578125,0.0012748698887901106
2017-11-21,2599.030029296875,0.006519838879752696
2017-11-22,2597.080078125,-0.0007505427033295442
2017-11-24,2602.419921875,0.002053984278231966
2017-11-27,2601.419921875,-0.00038433158680325395
2017-11-28,2627.0400390625,0.009800332196793644
2017-11-29,2626.070068359375,-0.0003692938827907781
2017-11-30,2647.580078125,0.008157586662811174
2017-12-01,2642.219970703125,-0.0020265829358053324
2017-12-04,2639.43994140625,-0.0010527105492864532
2017-12-05,2629.570068359375,-0.003746390525955308
2017-12-06,2629.27001953125,-0.00011411217053034995
2017-12-07,2636.97998046875,0.002928067010109385
2017-12-08,2651.5,0.005491202035518141
2017-12-11,2659.989990234375,0.0031968421216958323
2017-12-12,2664.110107421875,0.001547723722089516
2017-12-13,2662.85009765625,-0.000473068970150185
2017-12-14,2652.010009765625,-0.004079167730762682
2017-12-15,2675.81005859375,0.008934313410142761
2017-12-18,2690.159912109375,0.005348478579597589
2017-12-19,2681.469970703125,-0.0032354980431185012
2017-12-20,2679.25,-0.0008282360735725663
2017-12-21,2684.570068359375,0.0019836870126583982
2017-12-22,2683.340087890625,-0.00045827163811375547
2017-12-26,2680.5,-0.0010589757000585695
2017-12-27,2682.6201171875,0.0007906283102422613
2017-12-28,2687.5400390625,0.0018323190029195554
2017-12-29,2673.610107421875,-0.005196632292748298
2018-01-02,2695.81005859375,0.008269078218398127
2018-01-03,2713.06005859375,0.006378433243936035
2018-01-04,2723.989990234375,0.004020542855326989
2018-01-05,2743.14990234375,0.007009145888585348
2018-01-08,2747.7099609375,0.001660963767296979
2018-01-09,2751.2900390625,0.0013020835172984225
2018-01-10,2748.22998046875,-0.0011128458115206878
2018-01-11,2767.56005859375,0.007009025768882019
2018-01-12,2786.239990234375,0.006726926399094035
2018-01-16,2776.419921875,-0.0035307132616026696
2018-01-17,2802.56005859375,0.009371006206502086
2018-01-18,2798.030029296875,-0.0016176974974736241
2018-01-19,2810.300048828125,0.004375647986990156
2018-01-22,2832.969970703125,0.00803436438221324
2018-01-23,2839.1298828125,0.002172004968222319
2018-01-24,2837.5400390625,-0.0005601325472320471
2018-01-25,2839.25,0.0006024393988328895
2018-01-26,2872.8701171875,0.011771638106084168
2018-01-29,2853.530029296875,-0.006754736284863033
2018-01-30,2822.429931640625,-0.010958642805337085
2018-01-31,2823.81005859375,0.0004888658586947881
2018-02-01,2821.97998046875,-0.0006482983520233253
2018-02-02,2762.1298828125,-0.021436680516698812
2018-02-05,2648.93994140625,-0.041842540938381426
2018-02-06,2695.139892578125,0.017290573348937088
2018-02-07,2681.659912109375,-0.005014138223752627
2018-02-08,2581.0,-0.0382590522458017
2018-02-09,2619.550048828125,0.014825645199524345
2018-02-12,2656.0,0.013818665678186272
2018-02-13,2662.93994140625,0.0026095219802775584
2018-02-14,2698.6298828125,0.013313439808897013
2018-02-15,2731.199951171875,0.01199686177677526
2018-02-16,2732.219970703125,0.0003733996499216942
2018-02-20,2716.260009765625,-0.005858517106837343
2018-02-21,2701.330078125,-0.005511664483310908
2018-02-22,2703.9599609375,0.0009730774855778604
2018-02-23,2747.300048828125,0.015901278245121022
2018-02-26,2779.60009765625,0.011688438620627399
2018-02-27,2744.280029296875,-0.012788311441467541
2018-02-28,2713.830078125,-0.011157806083656078
2018-03-01,2677.669921875,-0.013413965854876449
2018-03-02,2691.25,0.005058785485198549
2018-03-05,2720.93994140625,0.01097161761052657
2018-03-06,2728.1201171875,0.0026353829319968104
2018-03-07,2726.800048828125,-0.000483991825716375
2018-03-08,2738.969970703125,0.004453148208884627
2018-03-09,2786.570068359375,0.017229546741207587
2018-03-12,2783.02001953125,-0.001274797337998416
2018-03-13,2765.31005859375,-0.006383910414314703
2018-03-14,2749.47998046875,-0.005740969825188786
2018-03-15,2747.330078125,-0.0007822363990965508
2018-03-16,2752.010009765625,0.0017019979472317418
2018-03-19,2712.919921875,-0.014306040541373417
2018-03-20,2716.93994140625,0.0014807086617189258
2018-03-21,2711.929931640625,-0.0018456921256294063
2018-03-22,2643.68994140625,-0.025484886972854417
2018-03-23,2588.260009765625,-0.02118980731175066
2018-03-26,2658.550048828125,0.02679504070603539
2018-03-27,2612.6201171875,-0.0174272856453219
2018-03-28,2605.0,-0.0029209188994626773
2018-03-29,2640.8701171875,0.013675777493843445
2018-04-02,2581.8798828125,-0.022590682343495868
2018-04-03,2614.449951171875,0.012535961315741067
2018-04-04,2644.68994140625,0.01150010234644679
2018-04-05,2662.840087890625,0.006839421401651201
2018-04-06,2604.469970703125,-0.022164067057064987
2018-04-09,2613.159912109375,0.0033309949675928295
2018-04-10,2656.8701171875,0.01658859899631407
2018-04-11,2642.18994140625,-0.005540685772461173
2018-04-12,2663.989990234375,0.008216898697657044
2018-04-13,2656.300048828125,-0.0028907998267066345
2018-04-16,2677.840087890625,0.008076336801563068
2018-04-17,2706.389892578125,0.01060507161386675
2018-04-18,2708.639892578125,0.0008310204075532664
2018-04-19,2693.1298828125,-0.00574258179583257
2018-04-20,2670.139892578125,-0.008573177188352708
2018-04-23,2670.2900390625,5.623011118453955e-05
2018-04-24,2634.56005859375,-0.013470888006475166
2018-04-25,2639.39990234375,0.0018353742328236348
2018-04-26,2666.93994140625,0.010380144187376953
2018-04-27,2669.909912109375,0.001113005271363815
2018-04-30,2648.050048828125,-0.008221192548921247
2018-05-01,2654.800048828125,0.0025458021710273926
2018-05-02,2635.669921875,-0.007231951201402355
2018-05-03,2629.72998046875,-0.002256217585064076
2018-05-04,2663.419921875,0.012729810028334959
2018-05-07,2672.6298828125,0.003451980554989958
2018-05-08,2671.919921875,-0.0002656766117338216
2018-05-09,2697.7900390625,0.009635647934868785
2018-05-10,2723.070068359375,0.009327011603848374
2018-05-11,2727.719970703125,0.001706139270961256
2018-05-14,2730.1298828125,0.0008830995101265589
2018-05-15,2711.449951171875,-0.006865655043990812
2018-05-16,2722.4599609375,0.004052339847514407
2018-05-17,2720.1298828125,-0.0008562387886101002
2018-05-18,2712.969970703125,-0.0026356652545503154
2018-05-21,2733.010009765625,0.007359604547933372
2018-05-22,2724.43994140625,-0.0031406885928751895
2018-05-23,2733.2900390625,0.0032431452068987514
2018-05-24,2727.760009765625,-0.0020252629577225518
2018-05-25,2721.330078125,-0.002360003054185922
2018-05-29,2689.860107421875,-0.011631572511792225
2018-05-30,2724.010009765625,0.012615875351923801
2018-05-31,2705.27001953125,-0.006903333243434208
2018-06-01,2734.6201171875,0.01079079970923988
2018-06-04,2746.8701171875,0.004469594898352221
2018-06-05,2748.800048828125,0.0007023462695756739
2018-06-06,2772.35009765625,0.008530900637311972
2018-06-07,2770.3701171875,-0.0007144436219845289
2018-06-08,2779.030029296875,0.0031210289077513477
2018-06-11,2782.0,0.0010681370069403208
2018-06-12,2786.85009765625,0.0017418672787038484
2018-06-13,2775.6298828125,-0.004034254541411457
2018-06-14,2782.489990234375,0.002468500522503687
2018-06-15,2779.659912109375,-0.00101762031549408
2018-06-18,2773.75,-0.002128391180886516
2018-06-19,2762.590087890625,-0.004031517951391294
2018-06-20,2767.320068359375,0.001710690224112545
2018-06-21,2749.760009765625,-0.006365728843220268
2018-06-22,2754.8798828125,0.0018602032551338834
2018-06-25,2717.070068359375,-0.013819722967770653
2018-06-26,2723.06005859375,0.0022021505056967236
2018-06-27,2699.6298828125,-0.008641586313141117
2018-06-28,2716.31005859375,0.006159680019031288
2018-06-29,2718.3701171875,0.0007581158875170001
2018-07-02,2726.7099609375,0.003063260834293461
2018-07-03,2713.219970703125,-0.004959629280533677
2018-07-05,2736.610107421875,0.008583856745537827
2018-07-06,2759.820068359375,0.00844551760058016
2018-07-09,2784.169921875,0.008784290785341506
2018-07-10,2793.840087890625,0.003467249318821859
2018-07-11,2774.02001953125,-0.007119486371916502
2018-07-12,2798.2900390625,0.0087109915801719
2018-07-13,2801.31005859375,0.0010786555366086475
2018-07-16,2798.429931640625,-0.0010286646208985384
2018-07-17,2809.550048828125,0.003965824343443431
2018-07-18,2815.6201171875,0.0021581820767374625
2018-07-19,2804.489990234375,-0.003960826849049506
2018-07-20,2801.830078125,-0.0009488977712743676
2018-07-23,2806.97998046875,0.0018363623432315187
2018-07-24,2820.39990234375,0.004769518886053562
2018-07-25,2846.070068359375,0.009060435070372713
2018-07-26,2837.43994140625,-0.00303690274886736
2018-07-27,2818.820068359375,-0.006583834644845457
2018-07-30,2802.60009765625,-0.0057707893155871425
2018-07-31,2816.2900390625,0.004872837219303094
2018-08-01,2813.360107421875,-0.0010408930675711336
2018-08-02,2827.219970703125,0.0049143495822087
2018-08-03,2840.35009765625,0.004633432065347987
2018-08-06,2850.39990234375,0.003531982650801626
2018-08-07,2858.449951171875,0.0028202017464857678
2018-08-08,2857.699951171875,-0.00026241439329510795
2018-08-09,2853.580078125,-0.0014427146770399496
2018-08-10,2833.280029296875,-0.007139312263244473
2018-08-13,2821.929931640625,-0.004014037665980266
2018-08-14,2839.9599609375,0.006368930016417421
2018-08-15,2818.3701171875,-0.007631208581378815
2018-08-16,2840.68994140625,0.00788821455263811
2018-08-17,2850.1298828125,0.003317606375263089
2018-08-20,2857.050048828125,0.002425074902128281
2018-08-21,2862.9599609375,0.002066399954627058
2018-08-22,2861.820068359375,-0.0003982310542435054
2018-08-23,2856.97998046875,-0.0016926939235351061
2018-08-24,2874.68994140625,0.006179705928285333
2018-08-27,2896.739990234375,0.007641141407110444
2018-08-28,2897.52001953125,0.00026924207759835515
2018-08-29,2914.0400390625,0.005685242468911669
2018-08-30,2901.1298828125,-0.004440172044458075
2018-08-31,2901.52001953125,0.00013446846730492032
2018-09-04,2896.719970703125,-0.0016556920488793076
2018-09-05,2888.60009765625,-0.002807062801265972
2018-09-06,2878.050048828125,-0.0036589910366181576
2018-09-07,2871.679931640625,-0.002215797895014484
2018-09-10,2877.1298828125,0.0018960282146933797
2018-09-11,2887.889892578125,0.003732865689715426
2018-09-12,2888.919921875,0.0003566083498935524
2018-09-13,2904.179931640625,0.005268352159391334
2018-09-14,2904.97998046875,0.00027544390076635555
2018-09-17,2888.800048828125,-0.005585290991549207
2018-09-18,2904.31005859375,0.0053546528676252396
2018-09-19,2907.949951171875,0.0012524880331719868
2018-09-20,2930.75,0.00781001418532906
2018-09-21,2929.669921875,-0.00036860093700704873
2018-09-24,2919.3701171875,-0.003521882314013849
2018-09-25,2915.56005859375,-0.001305948493117946
2018-09-26,2905.969970703125,-0.003294699681159941
2018-09-27,2914.0,0.0027594762285113967
2018-09-28,2913.97998046875,-6.870144138179519e-06
2018-10-01,2924.590087890625,0.0036344923421985013
2018-10-02,2923.429931640625,-0.0003967689102790794
2018-10-03,2925.510009765625,0.0007112667367183715
2018-10-04,2901.610107421875,-0.008203035421009815
2018-10-05,2885.570068359375,-0.0055433145846221455
2018-10-08,2884.429931640625,-0.000395194708349698
2018-10-09,2880.340087890625,-0.0014189098341542976
2018-10-10,2785.679931640625,-0.03341638904260208
2018-10-11,2728.3701171875,-0.02078757997254153
2018-10-12,2767.1298828125,0.014106235408376288
2018-10-15,2750.7900390625,-0.005922482291300048
2018-10-16,2809.919921875,0.02126782803490127
2018-10-17,2809.2099609375,-0.0002526942626648821
2018-10-18,2768.780029296875,-0.014496490575341185
2018-10-19,2767.780029296875,-0.00036123513527937907
2018-10-22,2755.8798828125,-0.004308797096477868
2018-10-23,2740.68994140625,-0.005527076180694164
2018-10-24,2656.10009765625,-0.03135077386114084
2018-10-25,2705.570068359375,0.018453717978714167
2018-10-26,2658.68994140625,-0.017479138010003174
2018-10-29,2641.25,-0.00658120829519397
2018-10-30,2682.6298828125,0.015545322971877482
2018-10-31,2711.739990234375,0.010792878754571094
2018-11-01,2740.3701171875,0.010502498868529206
2018-11-02,2723.06005859375,-0.006336721055879746
2018-11-05,2738.31005859375,0.0055846936971941175
2018-11-06,2755.449951171875,0.0062397877444086355
2018-11-07,2813.889892578125,0.020987078560774024
2018-11-08,2806.830078125,-0.002512068988491457
2018-11-09,2781.010009765625,-0.00924158591537243
2018-11-12,2726.219970703125,-0.019898150985467496
2018-11-13,2722.179931640625,-0.0014830188221738934
2018-11-14,2701.580078125,-0.007596188818450545
2018-11-15,2730.199951171875,0.01053803274264194
2018-11-16,2736.27001953125,0.002220837537483983
2018-11-19,2690.72998046875,-0.016783161235721437
2018-11-20,2641.889892578125,-0.018317995556585972
2018-11-21,2649.929931640625,0.0030386693107672014
2018-11-23,2632.56005859375,-0.006576419711855615
2018-11-26,2673.449951171875,0.015412975845366429
2018-11-27,2682.169921875,0.003256384364612641
2018-11-28,2743.7900390625,0.022714051303113776
2018-11-29,2737.800048828125,-0.002185494545393453
2018-11-30,2760.169921875,0.008137547716617559
2018-12-03,2790.3701171875,0.010882001794362436
2018-12-04,2700.06005859375,-0.03290022883855611
2018-12-06,2695.949951171875,-0.0015233879141442856
2018-12-07,2633.080078125,-0.02359633545632224
2018-12-10,2637.719970703125,0.0017606032229163218
2018-12-11,2636.780029296875,-0.00035640967530566644
2018-12-12,2651.070068359375,0.005404871010351243
2018-12-13,2650.5400390625,-0.00019995031241503897
2018-12-14,2599.949951171875,-0.019271212268699812
2018-12-17,2545.93994140625,-0.020992284828576645
2018-12-18,2546.159912109375,8.639685378910398e-05
2018-12-19,2506.9599609375,-0.015515459175936802
2018-12-20,2467.419921875,-0.015897809484103957
2018-12-21,2416.6201171875,-0.02080312049854063
2018-12-24,2351.10009765625,-0.02748657287831441
2018-12-26,2467.699951171875,0.04840317767080503
2018-12-27,2488.830078125,0.008526228968816992
2018-12-28,2485.739990234375,-0.0012423539102312722
2018-12-31,2506.85009765625,0.008456625862206874
2019-01-02,2510.030029296875,0.0012676930626261643
2019-01-03,2447.889892578125,-0.02506833181891511
2019-01-04,2531.93994140625,0.03375939906034647
2019-01-07,2549.68994140625,0.006985975995229761
2019-01-08,2574.409912109375,0.009648587336497393
2019-01-09,2584.9599609375,0.004089671332822161
2019-01-10,2596.639892578125,0.004508241374462229
2019-01-11,2596.260009765625,-0.0001463085444824661
2019-01-14,2582.610107421875,-0.00527139458724949
2019-01-15,2610.300048828125,0.010664618879761001
2019-01-16,2616.10009765625,0.0022195205290883643
2019-01-17,2635.9599609375,0.007562730706235749
2019-01-18,2670.7099609375,0.01309691283985578
2019-01-22,2632.89990234375,-0.014258476827972471
2019-01-23,2638.699951171875,0.002200489919450871
2019-01-24,2642.330078125,0.001374780110977555
2019-01-25,2664.760009765625,0.008452867700518018
2019-01-28,2643.85009765625,-0.007877775848708898
2019-01-29,2640.0,-0.0014573079351148383
2019-01-30,2681.050048828125,0.015429609891560045
2019-01-31,2704.10009765625,0.008560648809767757
2019-02-01,2706.530029296875,0.0008982065848071141
2019-02-04,2724.8701171875,0.006753381117479676
2019-02-05,2737.699951171875,0.0046973704373502
2019-02-06,2731.610107421875,-0.0022269157175087858
2019-02-07,2706.050048828125,-0.009401193202230233
2019-02-08,2707.8798828125,0.0006759725660127
2019-02-11,2709.800048828125,0.0007088518038183947
2019-02-12,2744.72998046875,0.012807852902838604
2019-02-13,2753.030029296875,0.0030194315937109753
2019-02-14,2745.72998046875,-0.0026551633836986214
2019-02-15,2775.60009765625,0.010820004664957538
2019-02-19,2779.760009765625,0.0014976213265920058
2019-02-20,2784.699951171875,0.00177553356074094
2019-02-21,2774.8798828125,-0.0035326693258413886
2019-02-22,2792.669921875,0.006390638694710404
2019-02-25,2796.110107421875,0.0012311044497517107
2019-02-26,2793.89990234375,-0.0007907696728402984
2019-02-27,2792.3798828125,-0.0005441974362980739
2019-02-28,2784.489990234375,-0.002829507598950442
2019-03-01,2803.68994140625,0.006871656588713028
2019-03-04,2792.81005859375,-0.003888107395255168
2019-03-05,2789.64990234375,-0.001132173489706859
2019-03-06,2771.449951171875,-0.00654547360412503
2019-03-07,2748.929931640625,-0.008158911138331157
2019-03-08,2743.070068359375,-0.0021339641314536495
2019-03-11,2783.300048828125,0.014559535563489445
2019-03-12,2791.52001953125,0.002948965727805163
2019-03-13,2810.919921875,0.0069255467570192835
2019-03-14,2808.47998046875,-0.0008683993315961826
2019-03-15,2822.47998046875,0.0049725194084307206
2019-03-18,2832.93994140625,0.0036990967989080333
2019-03-19,2832.570068359375,-0.00013057007992675946
2019-03-20,2824.22998046875,-0.002948696740769673
2019-03-21,2854.8798828125,0.010794015494689354
2019-03-22,2800.7099609375,-0.019156827134273257
2019-03-25,2798.360107421875,-0.000839372833310059
2019-03-26,2818.4599609375,0.007157052947934055
2019-03-27,2805.3701171875,-0.00465514327659887
2019-03-28,2815.43994140625,0.0035830547152617266
2019-03-29,2834.39990234375,0.006711706043324668
2019-04-01,2867.18994140625,0.011502195518044496
2019-04-02,2867.239990234375,1.7455554858152623e-05
2019-04-03,2873.39990234375,0.002146072420089187
2019-04-04,2879.389892578125,0.0020824652429942735
2019-04-05,2892.739990234375,0.004625717623099122
2019-04-08,2895.77001953125,0.0010469117505236662
2019-04-09,2878.199951171875,-0.0060859764356695385
2019-04-10,2888.2099609375,0.003471837754499924
2019-04-11,2888.320068359375,3.8122340342693696e-05
2019-04-12,2907.409912109375,0.0065875783895457275
2019-04-15,2905.580078125,-0.0006295672443571088
2019-04-16,2907.06005859375,0.0005092283251399622
2019-04-17,2900.449951171875,-0.0022764008207388597
2019-04-18,2905.030029296875,0.0015778468242496745
2019-04-22,2907.969970703125,0.0010115058169329091
2019-04-23,2933.679931640625,0.008802351174995391
2019-04-24,2927.25,-0.0021941686030362366
2019-04-25,2926.169921875,-0.0003690417402728576
2019-04-26,2939.8798828125,0.004674350323304823
2019-04-29,2943.030029296875,0.0010709485042338864
2019-04-30,2945.830078125,0.0009509646987914453
2019-05-01,2923.72998046875,-0.00753044585029134
2019-05-02,2917.52001953125,-0.0021262446486827887
2019-05-03,2945.639892578125,0.00959212747891747
2019-05-06,2932.469970703125,-0.004481013189072523
2019-05-07,2884.050048828125,-0.016649488088905522
2019-05-08,2879.419921875,-0.0016067153894199682
2019-05-09,2870.719970703125,-0.0030259986619282898
2019-05-10,2881.39990234375,0.003713394069918638
2019-05-13,2811.8701171875,-0.024426469138497504
2019-05-14,2834.409912109375,0.007983987523216093
2019-05-15,2850.9599609375,0.005821994327723055
2019-05-16,2876.320068359375,0.008855957116499086
2019-05-17,2859.530029296875,-0.005854437174043804
2019-05-20,2840.22998046875,-0.006772257975405369
2019-05-21,2864.360107421875,0.008459949093190606
2019-05-22,2856.27001953125,-0.0028283923638994365
2019-05-23,2822.239990234375,-0.01198569224128196
2019-05-24,2826.06005859375,0.0013526437720373175
2019-05-28,2802.389892578125,-0.008410950000260244
2019-05-29,2783.02001953125,-0.00693591016723137
2019-05-30,2788.860107421875,0.002096272674997037
2019-05-31,2752.06005859375,-0.013283205250452958
2019-06-03,2744.449951171875,-0.002769070654307939
2019-06-04,2803.27001953125,0.021205927081077776
2019-06-05,2826.14990234375,0.008128726978813691
2019-06-06,2843.489990234375,0.006116840676004416
2019-06-07,2873.340087890625,0.010442979247260026
2019-06-10,2886.72998046875,0.004649220074765499
2019-06-11,2885.719970703125,-0.0003499414579512858
2019-06-12,2879.840087890625,-0.002039657827237423
2019-06-13,2891.639892578125,0.004089010502850191
2019-06-14,2886.97998046875,-0.0016128117861529605
2019-06-17,2889.669921875,0.0009313154323528439
2019-06-18,2917.75,0.009670489592970687
2019-06-19,2926.4599609375,0.0029807167930238428
2019-06-20,2954.179931640625,0.00942760533587314
2019-06-21,2950.4599609375,-0.0012600162797279978
2019-06-24,2945.35009765625,-0.0017333884605870258
2019-06-25,2917.3798828125,-0.009541775640387554
2019-06-26,2913.780029296875,-0.0012346956788039985
2019-06-27,2924.919921875,0.0038158857925908473
2019-06-28,2941.760009765625,0.005740941840599626
2019-07-01,2964.330078125,0.007643018610953927
2019-07-02,2973.010009765625,0.002923847276988696
2019-07-03,2995.820068359375,0.007643095660684157
2019-07-05,2990.409912109375,-0.0018075342045486649
2019-07-08,2975.949951171875,-0.004847173010123794
2019-07-09,2979.6298828125,0.0012357930584538906
2019-07-10,2993.070068359375,0.004500546936082614
2019-07-11,2999.909912109375,0.002282619578948549
2019-07-12,3013.77001953125,0.004609534302066538
2019-07-15,3014.300048828125,0.00017585372838413283
2019-07-16,3004.0400390625,-0.003409584555010327
2019-07-17,2984.419921875,-0.006552665466093182
2019-07-18,2995.110107421875,0.0035755977088190827
2019-07-19,2976.610107421875,-0.006195889464844692
2019-07-22,2985.030029296875,0.002824701686250326
2019-07-23,3005.469970703125,0.00682414513927642
2019-07-24,3019.56005859375,0.004677192813475714
2019-07-25,3003.669921875,-0.005276296483599537
2019-07-26,3025.860107421875,0.007360535770783042
2019-07-29,3020.969970703125,-0.0016174219290574364
2019-07-30,3013.179931640625,-0.0025819853720443708
2019-07-31,2980.3798828125,-0.01094520695213996
2019-08-01,2953.56005859375,-0.009039527568806017
2019-08-02,2932.050048828125,-0.007309388539565105
2019-08-05,2844.739990234375,-0.030230182169694777
2019-08-06,2881.77001953125,0.012933023911166613
2019-08-07,2883.97998046875,0.0007665823338588767
2019-08-08,2938.090087890625,0.018588462466865085
2019-08-09,2918.64990234375,-0.006638593133657111
2019-08-12,2882.699951171875,-0.012393809115915354
2019-08-13,2926.320068359375,0.015018346267301863
2019-08-14,2840.60009765625,-0.02973035245453567
2019-08-15,2847.60009765625,0.0024612366981802422
2019-08-16,2888.679931640625,0.014323058172245003
2019-08-19,2923.64990234375,0.012033175564397505
2019-08-20,2900.510009765625,-0.007946215312115467
2019-08-21,2924.429931640625,0.008212979557352937
2019-08-22,2922.949951171875,-0.00050620295927854
2019-08-23,2847.110107421875,-0.02628888112283785
2019-08-26,2878.3798828125,0.01092311273079789
2019-08-27,2869.159912109375,-0.0032083218005562386
2019-08-28,2887.93994140625,0.006524151530562512
2019-08-29,2924.580078125,0.012607482441094399
2019-08-30,2926.4599609375,0.0006425807598767749
2019-09-03,2906.27001953125,-0.0069230093326854165
2019-09-04,2937.780029296875,0.010783725278421427
2019-09-05,2976.0,0.01292591292175976
2019-09-06,2978.7099609375,0.0009101908043767861
2019-09-09,2978.429931640625,-9.401467889992668e-05
2019-09-10,2979.389892578125,0.0003222524259310153
2019-09-11,3000.929931640625,0.0072036723263872
2019-09-12,3009.570068359375,0.0028750162782333164
2019-09-13,3007.389892578125,-0.0007246768769660504
2019-09-16,2997.9599609375,-0.0031405129163559896
2019-09-17,3005.699951171875,0.0025784253724619854
2019-09-18,3006.72998046875,0.00034263328426719085
2019-09-19,3006.7900390625,1.9974521929475905e-05
2019-09-20,2992.070068359375,-0.004907599104880387
2019-09-23,2991.780029296875,-9.694061782751375e-05
2019-09-24,2966.60009765625,-0.00845198896355148
2019-09-25,2984.8701171875,0.0061396852419639035
2019-09-26,2977.6201171875,-0.002431871009613191
2019-09-27,2961.7900390625,-0.005330534579128577
2019-09-30,2976.739990234375,0.005034910215248393
2019-10-01,2940.25,-0.012334126945412846
2019-10-02,2887.610107421875,-0.01806540418764383
2019-10-03,2910.6298828125,0.007940304773866787
2019-10-04,2952.010009765625,0.014116785239259274
2019-10-07,2938.7900390625,-0.00448835227368152
2019-10-08,2893.06005859375,-0.01568315955210993
2019-10-09,2919.39990234375,0.009063296514845923
2019-10-10,2938.1298828125,0.0063952024117826045
2019-10-11,2970.27001953125,0.010879579673789056
2019-10-14,2966.14990234375,-0.0013880816732189801
2019-10-15,2995.679931640625,0.009906445376489171
2019-10-16,2989.68994140625,-0.002001544553193733
2019-10-17,2997.949951171875,0.002759021969775287
2019-10-18,2986.199951171875,-0.003927045709799847
2019-10-21,3006.719970703125,0.006848114105333746
2019-10-22,2995.989990234375,-0.003575049258376838
2019-10-23,3004.52001953125,0.002843103345830729
2019-10-24,3010.2900390625,0.0019186046591713529
2019-10-25,3022.550048828125,0.004064429510656049
2019-10-28,3039.419921875,0.0055658199161177
2019-10-29,3036.889892578125,-0.0008327519564807664
2019-10-30,3046.77001953125,0.0032480894008573105
2019-10-31,3037.56005859375,-0.0030274386345390905
2019-11-01,3066.909912109375,0.009615930559647514
2019-11-04,3078.27001953125,0.0036972458053124275
2019-11-05,3074.6201171875,-0.0011864027118206639
2019-11-06,3076.780029296875,0.0007022505922896238
2019-11-07,3085.179931640625,0.002726375244280665
2019-11-08,3093.080078125,0.002557403145115828
2019-11-11,3087.010009765625,-0.0019643954133371925
2019-11-12,3091.840087890625,0.0015634233012630327
2019-11-13,3094.0400390625,0.0007112815701162954
2019-11-14,3096.6298828125,0.0008366926144567594
2019-11-15,3120.4599609375,0.007666028777973181
2019-11-18,3122.030029296875,0.0005030263228096366
2019-11-19,3120.179931640625,-0.0005927700996925261
2019-11-20,3108.4599609375,-0.0037632564209410676
2019-11-21,3103.5400390625,-0.0015840060861895076
2019-11-22,3110.2900390625,0.002172573942375937
2019-11-25,3133.639892578125,0.0074792518874672075
2019-11-26,3140.52001953125,0.0021931636449402277
2019-11-27,3153.6298828125,0.0041657356252997445
2019-11-29,3140.97998046875,-0.004019286229989053
2019-12-02,3113.8701171875,-0.008668483693963605
2019-12-03,3093.199951171875,-0.006660225258045148
2019-12-04,3112.760009765625,0.006303657608769993
2019-12-05,3117.429931640625,0.0014991269266302707
2019-12-06,3145.909912109375,0.009094246030426013
2019-12-09,3135.9599609375,-0.003167833684474369
2019-12-10,3132.52001953125,-0.0010975361689841293
2019-12-11,3141.6298828125,0.0029039375293507703
2019-12-12,3168.570068359375,0.008538667375555057
2019-12-13,3168.800048828125,7.25791502146863e-05
2019-12-16,3191.449951171875,0.007122360942542787
2019-12-17,3192.52001953125,0.0003352360284609262
2019-12-18,3191.139892578125,-0.0004323936405227425
2019-12-19,3205.3701171875,0.004449378821864254
2019-12-20,3221.219970703125,0.004932595804334098
2019-12-23,3224.010009765625,0.0008657687142985109
2019-12-24,3223.3798828125,-0.00019546730246814044
2019-12-26,3239.909912109375,0.005115062410053991
2019-12-27,3240.02001953125,3.3984139657930306e-05
2019-12-30,3221.2900390625,-0.005797596079349905
2019-12-31,3230.780029296875,0.002941690644190719
2020-01-02,3257.85009765625,0.008343895362316707
2020-01-03,3234.85009765625,-0.007084909364954553
2020-01-06,3246.280029296875,0.003527145194272564
2020-01-07,3237.179931640625,-0.0028071750845948405
2020-01-08,3253.050048828125,0.004890473485641129
2020-01-09,3274.699951171875,0.006633214116906491
2020-01-10,3265.35009765625,-0.0028592624875049015
2020-01-13,3288.1298828125,0.006951994045933256
2020-01-14,3283.14990234375,-0.0015156808368957204
2020-01-15,3289.2900390625,0.0018684502436879626
2020-01-16,3316.81005859375,0.008331747422232019
2020-01-17,3329.6201171875,0.003854723247485144
2020-01-21,3320.7900390625,-0.002655500369585384
2020-01-22,3321.75,0.00028903429668107475
2020-01-23,3325.5400390625,0.001140326193358241
2020-01-24,3295.469970703125,-0.009083289426193788
2020-01-27,3243.6298828125,-0.015855752356844034
2020-01-28,3276.239990234375,0.010003383500352516
2020-01-29,3273.39990234375,-0.0008672501435846315
2020-01-30,3283.659912109375,0.0031294569302110597
2020-01-31,3225.52001953125,-0.01786444357136295
2020-02-03,3248.919921875,0.007228425761232584
2020-02-04,3297.590087890625,0.014869315917506062
2020-02-05,3334.68994140625,0.011187778658972936
2020-02-06,3345.780029296875,0.003320155057001924
2020-02-07,3327.7099609375,-0.005415491009458352
2020-02-10,3352.090087890625,0.007299690120573207
2020-02-11,3357.75,0.0016870486860021178
2020-02-12,3379.449951171875,0.006441853105203067
2020-02-13,3373.93994140625,-0.0016317763599886593
2020-02-14,3380.159912109375,0.0018418360984854144
2020-02-18,3370.2900390625,-0.0029242139861477136
2020-02-19,3386.14990234375,0.004694748284284925
2020-02-20,3373.22998046875,-0.0038228174279975285
2020-02-21,3337.75,-0.010573809232819777
2020-02-24,3225.889892578125,-0.03408807942044074
2020-02-25,3128.2099609375,-0.030747904375353224
2020-02-26,3116.389892578125,-0.00378569732353003
2020-02-27,2978.760009765625,-0.045168136352261155
2020-02-28,2954.219970703125,-0.008272463109653077
2020-03-02,3090.22998046875,0.0450108687694132
2020-03-03,3003.3701171875,-0.02851048492291458
2020-03-04,3130.1201171875,0.041336349360633136
2020-03-05,3023.93994140625,-0.034510782439981125
2020-03-06,2972.3701171875,-0.01720094365238617
2020-03-09,2746.56005859375,-0.07901041294037148
2020-03-10,2882.22998046875,0.048215052425859106
2020-03-11,2741.3798828125,-0.05010289280860541
2020-03-12,2480.639892578125,-0.09994485240247351
2020-03-13,2711.02001953125,0.08880840694923595
2020-03-16,2386.1298828125,-0.12765219747281742
2020-03-17,2529.18994140625,0.05822631263569171
2020-03-18,2398.10009765625,-0.053222272332080246
2020-03-19,2409.389892578125,0.004696760970401053
2020-03-20,2304.919921875,-0.04432762405336681
2020-03-23,2237.39990234375,-0.02973150100957679
2020-03-24,2447.330078125,0.08968323251796326
2020-03-25,2475.56005859375,0.011468990420822226
2020-03-26,2630.070068359375,0.06054383107424656
2020-03-27,2541.469970703125,-0.0342678455416263
2020-03-30,2626.64990234375,0.032966590569974794
2020-03-31,2584.590087890625,-0.016142310788415843
2020-04-01,2470.5,-0.04514636273278691
2020-04-02,2526.89990234375,0.022572657056960366
2020-04-03,2488.64990234375,-0.015252860825944299
2020-04-06,2663.679931640625,0.06796824414483035
2020-04-07,2659.409912109375,-0.001604339048362459
2020-04-08,2749.97998046875,0.033489371191284686
2020-04-09,2789.820068359375,0.014383470303699339
2020-04-13,2761.6298828125,-0.01015605944467711
2020-04-14,2846.06005859375,0.03011455957230757
2020-04-15,2783.360107421875,-0.022276732672369248
2020-04-16,2799.550048828125,0.0057998378395412884
2020-04-17,2874.56005859375,0.026440932021320578
2020-04-20,2823.159912109375,-0.018042845615347775
2020-04-21,2736.56005859375,-0.031155115236330667
2020-04-22,2799.31005859375,0.02267130058213675
2020-04-23,2797.800048828125,-0.0005395676601955963
2020-04-24,2836.739990234375,0.013822090566839217
2020-04-27,2878.47998046875,0.014606868181735996
2020-04-28,2863.389892578125,-0.005256170190483643
2020-04-29,2939.510009765625,0.02623670404507307
2020-04-30,2912.429931640625,-0.009255143319054839
2020-05-01,2830.7099609375,-0.028460211014775954
2020-05-04,2842.739990234375,0.0042408225788494016
2020-05-05,2868.43994140625,0.008999935197779802
2020-05-06,2848.419921875,-0.007003880399042588
2020-05-07,2881.18994140625,0.011438955754890805
2020-05-08,2929.800048828125,0.016730795065226244
2020-05-11,2930.18994140625,0.0001330693667907644
2020-05-12,2870.1201171875,-0.020713365772047604
2020-05-13,2820.0,-0.017616996624280044
2020-05-14,2852.5,0.01145891780407149
2020-05-15,2863.699951171875,0.003918675203723029
2020-05-18,2953.909912109375,0.031015208770073424
2020-05-19,2922.93994140625,-0.010539747711599283
2020-05-20,2971.610107421875,0.0165139906134157
2020-05-21,2948.510009765625,-0.007803968309953686
2020-05-22,2955.449951171875,0.002350945686812366
2020-05-26,2991.77001953125,0.01221428502146052
2020-05-27,3036.1298828125,0.014718447490314346
2020-05-28,3029.72998046875,-0.0021101393249195488
2020-05-29,3044.31005859375,0.004800793552307952
2020-06-01,3055.72998046875,0.003744216478364391
2020-06-02,3080.820068359375,0.008177307282398658
2020-06-03,3122.8701171875,0.01355667081256392
2020-06-04,3112.35009765625,-0.003374389083608904
2020-06-05,3193.929931640625,0.025874012821635813
2020-06-08,3232.389892578125,0.011969656405806002
2020-06-09,3207.179931640625,-0.007829743419721978
2020-06-10,3190.139892578125,-0.005327255735182077
2020-06-11,3002.10009765625,-0.06075269299628893
2020-06-12,3041.31005859375,0.012976286605211731
2020-06-15,3066.590087890625,0.00827786081817526
2020-06-16,3124.739990234375,0.018784852866710527
2020-06-17,3113.489990234375,-0.0036067962326294138
2020-06-18,3115.340087890625,0.0005940434038017573
2020-06-19,3097.739990234375,-0.005665513565673728
2020-06-22,3117.860107421875,0.006474093296658384
2020-06-23,3131.2900390625,0.004298169191483789
2020-06-24,3050.330078125,-0.0261952655956623
2020-06-25,3083.760009765625,0.01089982772821816
2020-06-26,3009.050048828125,-0.024525204274831163
2020-06-29,3053.239990234375,0.01457888811353358
2020-06-30,3100.2900390625,0.015292349435755562
2020-07-01,3115.860107421875,0.005009563975870565
2020-07-02,3130.010009765625,0.0045309704768169146
2020-07-06,3179.719970703125,0.01575693083216329
2020-07-07,3145.320068359375,-0.010877477869643567
2020-07-08,3169.93994140625,0.007796986263430269
2020-07-09,3152.050048828125,-0.005659591476194623
2020-07-10,3185.0400390625,0.010411809774443004
2020-07-13,3155.219970703125,-0.009406645216058874
2020-07-14,3197.52001953125,0.01331730058290395
2020-07-15,3226.56005859375,0.009041056936355048
2020-07-16,3215.570068359375,-0.0034119152141152374
2020-07-17,3224.72998046875,0.0028445625875835605
2020-07-20,3251.840087890625,0.008371797255140334
2020-07-21,3257.300048828125,0.0016776293345600682
2020-07-22,3276.02001953125,0.005730630594473862
2020-07-23,3235.659912109375,-0.012396378412246847
2020-07-24,3215.6298828125,-0.006209640024276134
2020-07-27,3239.409912109375,0.007367928821482373
2020-07-28,3218.43994140625,-0.006494435418646306
2020-07-29,3258.43994140625,0.012351783351742583
2020-07-30,3246.219970703125,-0.0037573017634548516
2020-07-31,3271.1201171875,0.0076412362421762695
2020-08-03,3294.610107421875,0.007155362664358673
2020-08-04,3306.510009765625,0.003605423026133557
2020-08-05,3327.77001953125,0.006409160435517922
2020-08-06,3349.159912109375,0.006407126020664802
2020-08-07,3351.280029296875,0.0006328292699566697
2020-08-10,3360.469970703125,0.0027384652733919213
2020-08-11,3333.68994140625,-0.008001055401377298
2020-08-12,3380.35009765625,0.013899502293613534
2020-08-13,3373.429931640625,-0.002049272676156681
2020-08-14,3372.85009765625,-0.00017189739627902921
2020-08-17,3381.989990234375,0.002706177507423456
2020-08-18,3389.780029296875,0.0023007404198168474
2020-08-19,3374.85009765625,-0.004414123345182018
2020-08-20,3385.510009765625,0.0031536547683461333
2020-08-21,3397.159912109375,0.0034351999829724668
2020-08-24,3431.280029296875,0.009993615364903508
2020-08-25,3443.6201171875,0.003589899745540117
2020-08-26,3478.72998046875,0.010144001344841499
2020-08-27,3484.550048828125,0.0016716460318091384
2020-08-28,3508.010009765625,0.006710002849570254
2020-08-31,3500.31005859375,-0.002197375175508541
2020-09-01,3526.64990234375,0.007496831420705943
2020-09-02,3580.840087890625,0.01524905014386973
2020-09-03,3455.06005859375,-0.0357575941421853
2020-09-04,3426.9599609375,-0.008166280754275102
2020-09-08,3331.840087890625,-0.02814882908646679
2020-09-09,3398.9599609375,0.019944760662180386
2020-09-10,3339.18994140625,-0.017741245925395586
2020-09-11,3340.969970703125,0.0005329301580873496
2020-09-14,3383.5400390625,0.012661335025022992
2020-09-15,3401.199951171875,0.005205785930499657
2020-09-16,3385.489990234375,-0.0046296468921518345
2020-09-17,3357.010009765625,-0.008447949528552457
2020-09-18,3319.469970703125,-0.011245576947828505
2020-09-21,3281.06005859375,-0.011638564027297718
2020-09-22,3315.570068359375,0.010463016398376152
2020-09-23,3236.919921875,-0.02400733891437413
2020-09-24,3246.590087890625,0.0029830055546290505
2020-09-25,3298.4599609375,0.015850439224188495
2020-09-28,3351.60009765625,0.0159821918538544
2020-09-29,3335.469970703125,-0.004824282704443997
2020-09-30,3363.0,0.00821984256837961
2020-10-01,3380.800048828125,0.0052789495642950775
2020-10-02,3348.419921875,-0.009623812866370861
2020-10-05,3408.60009765625,0.017813109002900934
2020-10-06,3360.969970703125,-0.014072064387523205
2020-10-07,3419.43994140625,0.017247163770241564
2020-10-08,3446.830078125,0.007978212894869286
2020-10-09,3477.139892578125,0.008755095180752877
2020-10-12,3534.219970703125,0.01628253015832422
2020-10-13,3511.929931640625,-0.006326891629163268
2020-10-14,3488.669921875,-0.0066451720840594065
2020-10-15,3483.340087890625,-0.001528923514213078
2020-10-16,3483.81005859375,0.00013491045663045577
2020-10-19,3426.919921875,-0.016464663514942676
2020-10-20,3443.1201171875,0.0047161953200011274
2020-10-21,3435.56005859375,-0.0021981140115702774
2020-10-22,3453.489990234375,0.0052053540034913415
2020-10-23,3465.389892578125,0.003439838320389479
2020-10-26,3400.969970703125,-0.018764472985322012
2020-10-27,3390.679931640625,-0.003030205350445511
2020-10-28,3271.030029296875,-0.03592554210857772
2020-10-29,3310.110107421875,0.01187652493999744
2020-10-30,3269.9599609375,-0.012203713445259962
2020-11-02,3310.239990234375,0.012242950890591667
2020-11-03,3369.159912109375,0.01764273768407783
2020-11-04,3443.43994140625,0.021807525655091704
2020-11-05,3510.449951171875,0.01927326577670128
2020-11-06,3509.43994140625,-0.00028775658537381985
2020-11-09,3550.5,0.011631974746344153
2020-11-10,3545.530029296875,-0.001400775220867666
2020-11-11,3572.659912109375,0.007622728362991461
2020-11-12,3537.010009765625,-0.01002865154706935
2020-11-13,3585.14990234375,0.013518546706294007
2020-11-16,3626.909912109375,0.011580734922832603
2020-11-17,3609.530029296875,-0.004803443784647531
2020-11-18,3567.7900390625,-0.011631210647481315
2020-11-19,3581.8701171875,0.003938675690732779
2020-11-20,3557.5400390625,-0.006815737372918576
2020-11-23,3577.590087890625,0.005620108181849693
2020-11-24,3635.409912109375,0.016032458814031775
2020-11-25,3629.64990234375,-0.0015856747555094064
2020-11-27,3638.35009765625,0.0023941110259011363
2020-11-30,3621.6298828125,-0.004606140636972006
2020-12-01,3662.449951171875,0.011208140661592923
2020-12-02,3669.010009765625,0.0017895645286042845
2020-12-03,3666.719970703125,-0.0006243520802942291
2020-12-04,3699.1201171875,0.00879746371518688
2020-12-07,3691.9599609375,-0.001937513438963252
2020-12-08,3702.25,0.002783271170170473
2020-12-09,3672.820068359375,-0.00798096494847171
2020-12-10,3668.10009765625,-0.0012859345277717227
2020-12-11,3663.4599609375,-0.0012657980842328352
2020-12-14,3647.489990234375,-0.0043687882451469585
2020-12-15,3694.6201171875,0.012838482022218645
2020-12-16,3701.169921875,0.0017712256203230642
2020-12-17,3722.47998046875,0.0057411428089832834
2020-12-18,3709.409912109375,-0.003517296952148704
2020-12-21,3694.919921875,-0.003913928486909485
2020-12-22,3687.260009765625,-0.0020752446917703606
2020-12-23,3690.010009765625,0.0007455332718186887
2020-12-24,3703.06005859375,0.0035303499794869524
2020-12-28,3735.360107421875,0.0086847075384115
2020-12-29,3727.0400390625,-0.002229864827278697
2020-12-30,3732.0400390625,0.0013406480950792154
2020-12-31,3756.070068359375,0.006418204711703793
2021-01-04,3700.64990234375,-0.014864762712025787
2021-01-05,3726.860107421875,0.007057631383362026
2021-01-06,3748.139892578125,0.005693603382474094
2021-01-07,3803.7900390625,0.014738260107752971
2021-01-08,3824.679931640625,0.00547683739351537
2021-01-11,3799.610107421875,-0.006576327616621317
2021-01-12,3801.18994140625,0.000415702030569564
2021-01-13,3809.840087890625,0.0022730563867261076
2021-01-14,3795.5400390625,-0.003760513068743101
2021-01-15,3768.25,-0.007216000798278504
2021-01-19,3798.909912109375,0.008103457635761657
2021-01-20,3851.85009765625,0.013839417376510862
2021-01-21,3853.070068359375,0.00031667316131354906
2021-01-22,3841.469970703125,-0.0030151526629377105
2021-01-25,3855.360107421875,0.0036093175130174657
2021-01-26,3849.6201171875,-0.001489943161153501
2021-01-27,3750.77001953125,-0.02601331512610035
2021-01-28,3787.3798828125,0.009713298778760395
2021-01-29,3714.239990234375,-0.019500377654792
2021-02-01,3773.860107421875,0.015924300234678626
2021-02-02,3826.31005859375,0.013802528814310624
2021-02-03,3830.169921875,0.0010082606153447803
2021-02-04,3871.739990234375,0.010794847643921975
2021-02-05,3886.830078125,0.003889919607763825
2021-02-08,3915.590087890625,0.007372107476289037
2021-02-09,3911.22998046875,-0.0011141454217211749
2021-02-10,3909.8798828125,-0.0003452445223915674
2021-02-11,3916.3798828125,0.0016610748145877074
2021-02-12,3934.830078125,0.004699970926162608
2021-02-16,3932.590087890625,-0.0005694345154154666
2021-02-17,3931.330078125,-0.0003204533489169501
2021-02-18,3913.969970703125,-0.004425614227243303
2021-02-19,3906.7099609375,-0.0018566190956649255
2021-02-22,3876.5,-0.007762892893710863
2021-02-23,3881.3701171875,0.0012555296115265332
2021-02-24,3925.429931640625,0.011287667670985945
2021-02-25,3829.340087890625,-0.02478339442417185
2021-02-26,3811.14990234375,-0.004761532293798778
2021-03-01,3901.820068359375,0.02351217322569352
2021-03-02,3870.2900390625,-0.008113678739508762
2021-03-03,3819.719970703125,-0.01315233589480116
2021-03-04,3768.469970703125,-0.013508038064390469
2021-03-05,3841.93994140625,0.019308356338709188
2021-03-08,3821.35009765625,-0.005373643224025429
2021-03-09,3875.43994140625,0.014055400743930569
2021-03-10,3898.81005859375,0.006012203770988197
2021-03-11,3939.340087890625,0.010341825500657608
2021-03-12,3943.340087890625,0.0010148833275308508
2021-03-15,3968.93994140625,0.006470939539413048
2021-03-16,3962.7099609375,-0.0015709169785959108
2021-03-17,3974.1201171875,0.0028752446501592592
2021-03-18,3915.4599609375,-0.014870560065947797
2021-03-19,3913.10009765625,-0.0006028856737550234
2021-03-22,3940.590087890625,0.007000556898342752
2021-03-23,3910.52001953125,-0.007660118119334028
2021-03-24,3889.139892578125,-0.00548233660034883
2021-03-25,3909.52001953125,0.005226583432729291
2021-03-26,3974.5400390625,0.016494418658716575
2021-03-29,3971.090087890625,-0.0008683896263867381
2021-03-30,3958.550048828125,-0.0031628294096500294
2021-03-31,3972.889892578125,0.003615953592419885
2021-04-01,4019.8701171875,0.011755830427674127
2021-04-05,4077.909912109375,0.0143349877622439
2021-04-06,4073.93994140625,-0.0009740049407969285
2021-04-07,4079.949951171875,0.0014741456981068137
2021-04-08,4097.169921875,0.004211750940591775
2021-04-09,4128.7998046875,0.007690288135687276
2021-04-12,4127.990234375,-0.0001960980747395339
2021-04-13,4141.58984375,0.0032890718770625686
2021-04-14,4124.66015625,-0.004096104320730151
2021-04-15,4170.419921875,0.011033101401119478
2021-04-16,4185.47021484375,0.0036023233905179666
2021-04-19,4163.259765625,-0.005320689893757947
2021-04-20,4134.93994140625,-0.006825561005077803
2021-04-21,4173.419921875,0.009263020919853236
2021-04-22,4134.97998046875,-0.009253337860554323
2021-04-23,4180.169921875,0.01086940989553096
2021-04-26,4187.6201171875,0.001780684564582624
2021-04-27,4186.72021484375,-0.0002149189814442344
2021-04-28,4183.18017578125,-0.0008458975873960478
2021-04-29,4211.47021484375,0.0067400415367024095
2021-04-30,4181.169921875,-0.0072207134171198275
2021-05-03,4192.66015625,0.002744321649512167
2021-05-04,4164.66015625,-0.0067007374898472305
2021-05-05,4167.58984375,0.0007032164471135163
2021-05-06,4201.6201171875,0.008132299498632055
2021-05-07,4232.60009765625,0.007346291419186351
2021-05-10,4188.43017578125,-0.010490480503138024
2021-05-11,4152.10009765625,-0.008711750141781542
2021-05-12,4063.0400390625,-0.021682782358302413
2021-05-13,4112.5,0.012099644578094055
2021-05-14,4173.85009765625,0.014807778563623631
2021-05-17,4163.2900390625,-0.002533258183961915
2021-05-18,4127.830078125,-0.0085537723840327
2021-05-19,4115.68017578125,-0.002947751811378411
2021-05-20,4159.1201171875,0.01049942933450842
2021-05-21,4155.85986328125,-0.0007841880752528091
2021-05-24,4197.0498046875,0.009862497481216075
2021-05-25,4188.1298828125,-0.002127545400828599
2021-05-26,4195.990234375,0.0018750575506104544
2021-05-27,4200.8798828125,0.001164636089862995
2021-05-28,4204.10986328125,0.000768586452887337
2021-06-01,4202.0400390625,-0.0004924547586291649
2021-06-02,4208.1201171875,0.0014458890369002922
2021-06-03,4192.85009765625,-0.003635303056049319
2021-06-04,4229.89013671875,0.008795303383016323
2021-06-07,4226.52001953125,-0.0007970562694215079
2021-06-08,4227.259765625,0.00017500954944121158
2021-06-09,4219.5498046875,-0.0018255325906156837
2021-06-10,4239.18017578125,0.004641454776462911
2021-06-11,4247.43994140625,0.0019465389328083601
2021-06-14,4255.14990234375,0.0018135563851361702
2021-06-15,4246.58984375,-0.00201371995427588
2021-06-16,4223.7001953125,-0.005404703747026491
2021-06-17,4221.85986328125,-0.00043581054367264766
2021-06-18,4166.4501953125,-0.013211355687284158
2021-06-21,4224.7900390625,0.013905163512319857
2021-06-22,4246.43994140625,0.005111406378990611
2021-06-23,4241.83984375,-0.0010838705186495853
2021-06-24,4266.490234375,0.005794429545916893
2021-06-25,4280.7001953125,0.003325063164687565
2021-06-28,4290.60986328125,0.0023122888604717494
2021-06-29,4291.7998046875,0.0002772977426878152
2021-06-30,4297.5,0.0013272784229071918
2021-07-01,4319.93994140625,0.005208041432254744
2021-07-02,4352.33984375,0.007472095894691671
2021-07-06,4343.5400390625,-0.0020239027700217787
2021-07-07,4358.1298828125,0.0033533465536629346
2021-07-08,4320.81982421875,-0.008597881009556396
2021-07-09,4369.5498046875,0.011214825902413766
2021-07-12,4384.6298828125,0.0034452326955940497
2021-07-13,4369.2099609375,-0.0035230111811655838
2021-07-14,4374.2998046875,0.0011642565654693257
2021-07-15,4360.02978515625,-0.0032675735627459117
2021-07-16,4327.16015625,-0.007567415006813217
2021-07-19,4258.490234375,-0.015996781399983978
2021-07-20,4323.06005859375,0.0150488060047999
2021-07-21,4358.68994140625,0.008208041662144044
2021-07-22,4367.47998046875,0.0020146392092429753
2021-07-23,4411.7900390625,0.010094332386254415
2021-07-26,4422.2998046875,0.0023793669227295928
2021-07-27,4401.4599609375,-0.004723583382178003
2021-07-28,4400.64013671875,-0.000186279231552706
2021-07-29,4419.14990234375,0.004197331845272641
2021-07-30,4395.259765625,-0.005420713608261166
2021-08-02,4387.16015625,-0.001844505670060361
2021-08-03,4423.14990234375,0.008169961338918062
2021-08-04,4402.66015625,-0.004643150661295458
2021-08-05,4429.10009765625,0.005987485990419113
2021-08-06,4436.52001953125,0.0016738645485288822
2021-08-09,4432.35009765625,-0.0009403502649549345
2021-08-10,4436.75,0.0009921869538634502
2021-08-11,4442.41015625,0.0012749307180154837
2021-08-12,4460.830078125,0.00413780773547866
2021-08-13,4468.0,0.0016060163209228441
2021-08-16,4479.7099609375,0.0026174222619943593
2021-08-17,4448.080078125,-0.007085743507137991
2021-08-18,4400.27001953125,-0.01080665284525433
2021-08-19,4405.7998046875,0.001255903256156918
2021-08-20,4441.669921875,0.00810860389074176
2021-08-23,4479.52978515625,0.008487667984412181
2021-08-24,4486.22998046875,0.0014946188019620721
2021-08-25,4496.18994140625,0.00221765740325088
2021-08-26,4470.0,-0.0058419498276026565
2021-08-27,4509.3701171875,0.008769071540452218
2021-08-30,4528.7900390625,0.0042973241068746
2021-08-31,4522.68017578125,-0.0013500269158932096
2021-09-01,4524.08984375,0.00031164006095334113
2021-09-02,4536.9501953125,0.002838605754404257
2021-09-03,4535.43017578125,-0.0003350872611813474
2021-09-07,4520.02978515625,-0.0034013524523203464
2021-09-08,4514.06982421875,-0.001319436813816666
2021-09-09,4493.27978515625,-0.004616247150002522
2021-09-10,4458.580078125,-0.0077525522862761
2021-09-13,4468.72998046875,0.002273900346369644
2021-09-14,4443.0498046875,-0.005763213966258604
2021-09-15,4480.7001953125,0.008438294222079725
2021-09-16,4473.75,-0.0015523447127638308
2021-09-17,4432.990234375,-0.0091526302757993
2021-09-20,4357.72998046875,-0.017123077726381844
2021-09-21,4354.18994140625,-0.0008126886585469564
2021-09-22,4395.64013671875,0.009474585224220084
2021-09-23,4448.97998046875,0.012061680369935969
2021-09-24,4455.47998046875,0.0014599428113642636
2021-09-27,4443.10986328125,-0.002780243920187674
2021-09-28,4352.6298828125,-0.020574317739894057
2021-09-29,4359.4599609375,0.0015679543362838073
2021-09-30,4307.5400390625,-0.011981202945014901
2021-10-01,4357.0400390625,0.011425952113334161
2021-10-04,4300.4599609375,-0.013070952048643704
2021-10-05,4345.72021484375,0.010469517498601526
2021-10-06,4363.5498046875,0.004094399349624824
2021-10-07,4399.759765625,0.008264039225065405
2021-10-08,4391.33984375,-0.0019155566024214522
2021-10-11,4361.18994140625,-0.006889441644339833
2021-10-12,4350.64990234375,-0.0024197056865549256
2021-10-13,4363.7998046875,0.0030179558702319183
2021-10-14,4438.259765625,0.016919162285711567
2021-10-15,4471.3701171875,0.007432520637190081
2021-10-18,4486.4599609375,0.0033690878018038262
2021-10-19,4519.6298828125,0.007366142784235753
2021-10-20,4536.18994140625,0.003657333598560689
2021-10-21,4549.77978515625,0.002991393168360022
2021-10-22,4544.89990234375,-0.0010731292246643565
2021-10-25,4566.47998046875,0.004736959440853509
2021-10-26,4574.7900390625,0.0018181414322441137
2021-10-27,4551.68017578125,-0.0050643703711055294
2021-10-28,4596.419921875,0.009781288424184026
2021-10-29,4605.3798828125,0.0019474372317175562
2021-11-01,4613.669921875,0.0017984589459023885
2021-11-02,4630.64990234375,0.003673607120388547
2021-11-03,4660.56982421875,0.00644049461289024
2021-11-04,4680.06005859375,0.004173222342817036
2021-11-05,4697.52978515625,0.003725850045284445
2021-11-08,4701.7001953125,0.0008873940607025194
2021-11-09,4685.25,-0.0035049109264001276
2021-11-10,4646.7099609375,-0.008259842163861058
2021-11-11,4649.27001953125,0.0005507883329889288
2021-11-12,4682.85009765625,0.007196697564130407
2021-11-15,4682.7998046875,-1.0739878017001878e-05
2021-11-16,4700.89990234375,0.0038577790571266367
2021-11-17,4688.669921875,-0.0026050154828958787
2021-11-18,4704.5400390625,0.0033790647401719144
2021-11-19,4697.9599609375,-0.001399644604988097
2021-11-22,4682.93994140625,-0.003202258316960725
2021-11-23,4690.7001953125,0.001655761383195201
2021-11-24,4701.4599609375,0.0022912237766672798
2021-11-26,4594.6201171875,-0.022987011159321162
2021-11-29,4655.27001953125,0.013113836082824229
2021-11-30,4567.0,-0.019143381187850562
2021-12-01,4513.0400390625,-0.011885541457955926
2021-12-02,4577.10009765625,0.014094638396057768
2021-12-03,4538.43017578125,-0.00848445514173865
2021-12-06,4591.669921875,0.011662599309686139
2021-12-07,4686.75,0.020495603186252546
2021-12-08,4701.2099609375,0.003080535586585806
2021-12-09,4667.4501953125,-0.007206988232523656
2021-12-10,4712.02001953125,0.009503769118209724
2021-12-13,4668.97021484375,-0.009178158342793815
2021-12-14,4634.08984375,-0.0074987228546236715
2021-12-15,4709.85009765625,0.016216267351890877
2021-12-16,4668.669921875,-0.008781863311112446
2021-12-17,4620.64013671875,-0.01034096458405368
2021-12-20,4568.02001953125,-0.01145339832325659
2021-12-21,4649.22998046875,0.017621755385195486
2021-12-22,4696.56005859375,0.010128728029127596
2021-12-23,4725.7900390625,0.006204412685251626
2021-12-27,4791.18994140625,0.013744051573605864
2021-12-28,4786.35009765625,-0.0010106653988873737
2021-12-29,4793.06005859375,0.0014009134018576786
2021-12-30,4778.72998046875,-0.002994233841904309
2021-12-31,4766.18017578125,-0.0026296343734744394
2022-01-03,4796.56005859375,0.006353824170388397
2022-01-04,4793.5400390625,-0.0006298202522032699
2022-01-05,4700.580078125,-0.019583264304501073
2022-01-06,4696.0498046875,-0.0009642337401809882
2022-01-07,4677.02978515625,-0.004058441082336512
2022-01-10,4670.2900390625,-0.0014420705375388979
2022-01-11,4713.06982421875,0.009118286452399373
2022-01-12,4726.35009765625,0.0028137920146670695
2022-01-13,4659.02978515625,-0.014346029234400533
2022-01-14,4662.85009765625,0.0008196442695905652
2022-01-18,4577.10986328125,-0.0185591053980085
2022-01-19,4532.759765625,-0.009736790941460195
2022-01-20,4482.72998046875,-0.011098742304330734
2022-01-21,4397.93994140625,-0.019095995324635427
2022-01-24,4410.1298828125,0.0027679047582695165
2022-01-25,4356.4501953125,-0.012246590556866267
2022-01-26,4349.93017578125,-0.0014977569258856588
2022-01-27,4326.509765625,-0.005398635199970923
2022-01-28,4431.85009765625,0.024055967914736694
2022-01-31,4515.5498046875,0.018709826222984446
2022-02-01,4546.5400390625,0.006839560348317067
2022-02-02,4589.3798828125,0.009378400448324454
2022-02-03,4477.43994140625,-0.024693471720120656
2022-02-04,4500.52978515625,0.005143678439863626
2022-02-07,4483.8701171875,-0.003708580927828488
2022-02-08,4521.5400390625,0.00836611346663433
2022-02-09,4587.18017578125,0.014412842079264784
2022-02-10,4504.080078125,-0.01828182448505601
2022-02-11,4418.64013671875,-0.019151682638086528
2022-02-14,4401.669921875,-0.0038479907556283146
2022-02-15,4471.06982421875,0.015643717646064172
2022-02-16,4475.009765625,0.0008808197202838003
2022-02-17,4380.259765625,-0.021400504136936647
2022-02-18,4348.8701171875,-0.007191961663866342
2022-02-22,4304.759765625,-0.010194735435016016
2022-02-23,4225.5,-0.018583735748788438
2022-02-24,4288.7001953125,0.014846105252724002
2022-02-25,4384.64990234375,0.022126080551265786
2022-02-28,4373.93994140625,-0.0024455914631261143
2022-03-01,4306.259765625,-0.015594467786613053
2022-03-02,4386.5400390625,0.018471046780652183
2022-03-03,4363.490234375,-0.005268520744245652
2022-03-04,4328.8701171875,-0.007965684543001903
2022-03-07,4201.08984375,-0.029962586814416495
2022-03-08,4170.7001953125,-0.007260043975698096
2022-03-09,4277.8798828125,0.025373598122141117
2022-03-10,4259.52001953125,-0.004301049920247209
2022-03-11,4204.31005859375,-0.013046278933238144
2022-03-14,4173.10986328125,-0.007448675095533314
2022-03-15,4262.4501953125,0.021182629724144964
2022-03-16,4357.85986328125,0.022136921648393443
2022-03-17,4411.669921875,0.012272205068700267
2022-03-18,4463.1201171875,0.011594814411888112
2022-03-21,4461.18017578125,-0.0004347548543014596
2022-03-22,4511.60986328125,0.011240699554074212
2022-03-23,4456.240234375,-0.012348630252495208
2022-03-24,4520.16015625,0.014242012281618024
2022-03-25,4543.06005859375,0.005053380704237665
2022-03-28,4575.52001953125,0.007119551020042568
2022-03-29,4631.60009765625,0.01218204410139109
2022-03-30,4602.4501953125,-0.006313588999088777
2022-03-31,4530.41015625,-0.015776335226881762
2022-04-01,4545.85986328125,0.0034044209614630277
2022-04-04,4582.64013671875,0.008058382532133647
2022-04-05,4525.1201171875,-0.01263115907400537
2022-04-06,4481.14990234375,-0.009764433912479721
2022-04-07,4500.2099609375,0.004244365552037262
2022-04-08,4488.27978515625,-0.0026545466755523947
2022-04-11,4412.52978515625,-0.017021334584696127
2022-04-12,4397.4501953125,-0.0034233005304522353
2022-04-13,4446.58984375,0.011112603268901934
2022-04-14,4392.58984375,-0.012218480383508163
2022-04-18,4391.68994140625,-0.0002048892724065068
2022-04-19,4462.2099609375,0.01593004474938665
2022-04-20,4459.4501953125,-0.0006186664061825758
2022-04-21,4393.66015625,-0.014862855551311067
2022-04-22,4271.77978515625,-0.028132076377366966
2022-04-25,4296.1201171875,0.0056817651441118085
2022-04-26,4175.2001953125,-0.028550008928597752
2022-04-27,4183.9599609375,0.0020958490249645954
2022-04-28,4287.5,0.024445655340832175
2022-04-29,4131.93017578125,-0.03695915978469415
2022-05-02,4155.3798828125,0.005659199293818601
2022-05-03,4175.47998046875,0.004825465075359521
2022-05-04,4300.169921875,0.029425221557325833
2022-05-05,4146.8701171875,-0.03630067756409906
2022-05-06,4123.33984375,-0.00569038441395277
2022-05-09,3991.239990234375,-0.03256151953960419
2022-05-10,4001.050048828125,0.002454881760409255
2022-05-11,3935.179931640625,-0.016600232095697796
2022-05-12,3930.080078125,-0.0012968049941124407
2022-05-13,4023.889892578125,0.023589267956869442
2022-05-16,4008.010009765625,-0.003954208517722458
2022-05-17,4088.85009765625,0.01996891958146264
2022-05-18,3923.679931640625,-0.041233809291248875
2022-05-19,3900.7900390625,-0.005850864777347809
2022-05-20,3901.360107421875,0.0001461310919903067
2022-05-23,3973.75,0.018384995412060758
2022-05-24,3941.47998046875,-0.008153950903558081
2022-05-25,3978.72998046875,0.009406385648931585
2022-05-26,4057.840087890625,0.019688166007720866
2022-05-27,4158.240234375,0.024441130195822013
2022-05-31,4132.14990234375,-0.006294135193666945
2022-06-01,4101.22998046875,-0.007510905041155451
2022-06-02,4176.81982421875,0.018263225415545106
2022-06-03,4108.5400390625,-0.016482405609817057
2022-06-06,4121.43017578125,0.003132489407036025
2022-06-07,4160.68017578125,0.00947833153171984
2022-06-08,4115.77001953125,-0.010852623040155319
2022-06-09,4017.820068359375,-0.02408645766515553
2022-06-10,3900.860107421875,-0.029542414811409477
2022-06-13,3749.6298828125,-0.03953993199003993
2022-06-14,3735.47998046875,-0.003780818039489633
2022-06-15,3789.989990234375,0.014487058836534478
2022-06-16,3666.77001953125,-0.033052207113840666
2022-06-17,3674.840087890625,0.0021984473410133873
2022-06-21,3764.7900390625,0.024182474960671992
2022-06-22,3759.889892578125,-0.0013024200953574458
2022-06-23,3795.72998046875,0.00948707248555652
2022-06-24,3911.739990234375,0.030105539729901033
2022-06-27,3900.110107421875,-0.0029774998903406716
2022-06-28,3821.550048828125,-0.0203486731494949
2022-06-29,3818.830078125,-0.0007119988201726959
2022-06-30,3785.3798828125,-0.008797866246367652
2022-07-01,3825.330078125,0.010498511296639174
2022-07-05,3831.389892578125,0.0015828751061934918
2022-07-06,3845.080078125,0.003566795705066178
2022-07-07,3902.6201171875,0.014853723180930391
2022-07-08,3899.3798828125,-0.00083061639612735
2022-07-11,3854.429931640625,-0.011594417660525545
2022-07-12,3818.800048828125,-0.00928686849749371
2022-07-13,3801.780029296875,-0.00446686411181668
2022-07-14,3790.3798828125,-0.003003138812764307
2022-07-15,3863.159912109375,0.01901923165863364
2022-07-18,3830.85009765625,-0.008398742485835936
2022-07-19,3936.68994140625,0.02725351764373082
2022-07-20,3959.89990234375,0.0058784939410571665
2022-07-21,3998.949951171875,0.00981306668950467
2022-07-22,3961.6298828125,-0.009376287293813849
2022-07-25,3966.840087890625,0.001314302973305868
2022-07-26,3921.050048828125,-0.011610342599263359
2022-07-27,4023.610107421875,0.025820048778629066
2022-07-28,4072.429931640625,0.012060319791912806
2022-07-29,4130.2900390625,0.014107775781753557
2022-08-01,4118.6298828125,-0.002827076544916728
2022-08-02,4091.18994140625,-0.00668468837887098
2022-08-03,4155.169921875,0.015517456270090707
2022-08-04,4151.93994140625,-0.0007776424495837734
2022-08-05,4145.18994140625,-0.0016270690189191196
2022-08-08,4140.06005859375,-0.0012383171221209141
2022-08-09,4122.47021484375,-0.004257744235926498
2022-08-10,4210.240234375,0.021067158460407496
2022-08-11,4207.27001953125,-0.0007057229222018175
2022-08-12,4280.14990234375,0.017174046951492668
2022-08-15,4297.14013671875,0.003961684056233163
2022-08-16,4305.2001953125,0.0018739228259478625
2022-08-17,4274.0400390625,-0.007264114867648021
2022-08-18,4283.740234375,0.0022669896063847975
2022-08-19,4228.47998046875,-0.012983928713038868
2022-08-22,4137.990234375,-0.021632366466494565
2022-08-23,4128.72998046875,-0.002240370434437464
2022-08-24,4140.77001953125,0.002911916698724165
2022-08-25,4199.1201171875,0.013993241836107048
2022-08-26,4057.659912109375,-0.03426857631703952
2022-08-29,4030.610107421875,-0.0066886751973248065
2022-08-30,3986.159912109375,-0.011089416492117008
2022-08-31,3955.0,-0.007847738208153028
2022-09-01,3966.85009765625,0.0029917522671948716
2022-09-02,3924.260009765625,-0.010794552570724387
2022-09-06,3908.18994140625,-0.004103464690895143
2022-09-07,3979.8701171875,0.018174848666169877
2022-09-08,4006.179931640625,0.006588966880442448
2022-09-09,4067.360107421875,0.01515601498121106
2022-09-12,4110.41015625,0.010528651483995635
2022-09-13,3932.68994140625,-0.04419916303197406
2022-09-14,3946.010009765625,0.003381289078844715
2022-09-15,3901.35009765625,-0.011382272168149512
2022-09-16,3873.330078125,-0.007208049775663175
2022-09-19,3899.889892578125,0.006833697724705768
2022-09-20,3855.929931640625,-0.011336114736600402
2022-09-21,3789.929931640625,-0.01726467409850635
2022-09-22,3757.989990234375,-0.008463293830453985
2022-09-23,3693.22998046875,-0.017382828767330778
2022-09-26,3655.0400390625,-0.010394360890280502
2022-09-27,3647.2900390625,-0.0021226109548247284
2022-09-28,3719.0400390625,0.019481144181152356
2022-09-29,3640.469970703125,-0.0213527948230975
2022-09-30,3585.6201171875,-0.0151813515462093
2022-10-03,3678.429931640625,0.02555457753093017
2022-10-04,3790.929931640625,0.030125341416799834
2022-10-05,3783.280029296875,-0.0020199875589381176
2022-10-06,3744.52001953125,-0.010297922911395202
2022-10-07,3639.659912109375,-0.028403196531478058
2022-10-10,3612.389892578125,-0.007520673133652772
2022-10-11,3588.840087890625,-0.006540518412323781
2022-10-12,3577.030029296875,-0.0032961996501662937
2022-10-13,3669.909912109375,0.025634259307631132
2022-10-14,3583.070068359375,-0.023947120744528417
2022-10-17,3677.949951171875,0.026135524557561848
2022-10-18,3719.97998046875,0.011362768207087462
2022-10-19,3695.159912109375,-0.006694455239684375
2022-10-20,3665.780029296875,-0.007982686738766696
2022-10-21,3752.75,0.023447759860447268
2022-10-24,3797.340087890625,0.011811940205111494
2022-10-25,3859.110107421875,0.01613577001587496
2022-10-26,3830.60009765625,-0.007415140398989885
2022-10-27,3807.300048828125,-0.006101185053184453
2022-10-28,3901.06005859375,0.024328036770856338
2022-10-31,3871.97998046875,-0.007482327030336412
2022-11-01,3856.10009765625,-0.0041096637203590055
2022-11-02,3759.68994140625,-0.025319843737482882
2022-11-03,3719.889892578125,-0.010642422531956597
2022-11-04,3770.550048828125,0.013526823285563951
2022-11-07,3806.800048828125,0.00956806167935914
2022-11-08,3828.110107421875,0.005582282828760321
2022-11-09,3748.570068359375,-0.020996784712303443
2022-11-10,3956.3701171875,0.05395251566479769
2022-11-11,3992.929931640625,0.009198312304769028
2022-11-14,3957.25,-0.008975940544918012
2022-11-15,3991.72998046875,0.008675376414669186
2022-11-16,3958.7900390625,-0.008286283111873759
2022-11-17,3946.56005859375,-0.0030941046442292835
2022-11-18,3965.340087890625,0.00474729564815821
2022-11-21,3949.93994140625,-0.003891249800275618
2022-11-22,4003.580078125,0.01348860626982839
2022-11-23,4027.260009765625,0.0058972660417383116
2022-11-25,4026.1201171875,-0.0002830842622024787
2022-11-28,3963.93994140625,-0.015564696794064813
2022-11-29,3957.6298828125,-0.0015931337016243704
2022-11-30,4080.110107421875,0.030478643521294944
2022-12-01,4076.570068359375,-0.0008680098296065889
2022-12-02,4071.699951171875,-0.001195374663761461
2022-12-05,3998.840087890625,-0.01805624963097222
2022-12-06,3941.260009765625,-0.014503869422986057
2022-12-07,3933.919921875,-0.001864107253381664
2022-12-08,3963.510009765625,0.007493634413933237
2022-12-09,3934.3798828125,-0.0073767194642132125
2022-12-12,3990.56005859375,0.01417830729965003
2022-12-13,4019.64990234375,0.007263223255457212
2022-12-14,3995.320068359375,-0.006071116623835963
2022-12-15,3895.75,-0.02523747790182607
2022-12-16,3852.360107421875,-0.011200239946011676
2022-12-19,3817.659912109375,-0.0090483289411038
2022-12-20,3821.6201171875,0.001036800697890769
2022-12-21,3878.43994140625,0.014758548669054294
2022-12-22,3822.389892578125,-0.014557142498145655
2022-12-23,3844.820068359375,0.005850952271915072
2022-12-27,3829.25,-0.004057844034659477
2022-12-28,3783.219970703125,-0.012093470442948605
2022-12-29,3849.280029296875,0.01731063431499432
2022-12-30,3839.5,-0.002543975646110833
2023-01-03,3824.139892578125,-0.004008572481273608
2023-01-04,3852.969970703125,0.007510694562138916
2023-01-05,3808.10009765625,-0.011713869136457158
2023-01-06,3895.080078125,0.02258383558903089
2023-01-09,3892.090087890625,-0.0007679273259905782
2023-01-10,3919.25,0.006953997970593733
2023-01-11,3969.610107421875,0.012767571192293676
2023-01-12,3983.169921875,0.0034100849120427303
2023-01-13,3999.090087890625,0.003988892144656051
2023-01-17,3990.969970703125,-0.002032555430996314
2023-01-18,3928.860107421875,-0.01568496697774467
2023-01-19,3898.85009765625,-0.007667671901812428
2023-01-20,3972.610107421875,0.01874167355235196
2023-01-23,4019.81005859375,0.011811315951328555
2023-01-24,4016.949951171875,-0.0007117563642918193
2023-01-25,4016.219970703125,-0.00018174157346566321
2023-01-26,4060.429931640625,0.010947708029114303
2023-01-27,4070.56005859375,0.002491734021703855
2023-01-30,4017.77001953125,-0.013053569315292663
2023-01-31,4076.60009765625,0.014536304416419527
2023-02-01,4119.2099609375,0.01039805629688473
2023-02-02,4179.759765625,0.014592384626854379
2023-02-03,4136.47998046875,-0.010408592637285455
2023-02-06,4111.080078125,-0.006159393193939262
2023-02-07,4164.0,0.012790364037397075
2023-02-08,4117.85986328125,-0.011142573012411353
2023-02-09,4081.5,-0.008869009831037385
2023-02-10,4090.4599609375,0.0021928557092171274
2023-02-13,4137.2900390625,0.011383569951155146
2023-02-14,4136.1298828125,-0.0002804538554937624
2023-02-15,4147.60009765625,0.002769337533076689
2023-02-16,4090.409912109375,-0.013884689204881605
2023-02-17,4079.090087890625,-0.0027712421722827342
2023-02-21,3997.340087890625,-0.020244783973471698
2023-02-22,3991.050048828125,-0.0015747954856433837
2023-02-23,4012.320068359375,0.005315278263237728
2023-02-24,3970.0400390625,-0.010593464619774184
2023-02-27,3982.239990234375,0.0030682925395522777
2023-02-28,3970.14990234375,-0.0030406198309477117
2023-03-01,3951.389892578125,-0.004736464203492832
2023-03-02,3981.35009765625,0.0075535937311959735
2023-03-03,4045.639892578125,0.01601874917648306
2023-03-06,4048.419921875,0.0006869307788483012
2023-03-07,3986.3701171875,-0.015445590479262547
2023-03-08,3992.010009765625,0.0014137941356032722
2023-03-09,3918.320068359375,-0.018631857945482354
2023-03-10,3861.590087890625,-0.01458396943606664
2023-03-13,3855.760009765625,-0.001510901840738768
2023-03-14,3919.2900390625,0.016342388235363665
2023-03-15,3891.929931640625,-0.007005363929353597
2023-03-16,3960.280029296875,0.017409576249031722
2023-03-17,3916.639892578125,-0.011080621273953702
2023-03-20,3951.570068359375,0.008878869635940853
2023-03-21,4002.8701171875,0.012898647518559103
2023-03-22,3936.969970703125,-0.016600248639842885
2023-03-23,3948.719970703125,0.0029800838691824228
2023-03-24,3970.989990234375,0.005623963084303207
2023-03-27,3977.530029296875,0.0016455995637670831
2023-03-28,3971.27001953125,-0.0015750832883878866
2023-03-29,4027.81005859375,0.014136870775046802
2023-03-30,4050.830078125,0.005698999199482652
2023-03-31,4109.31005859375,0.014333327782036555
2023-04-03,4124.509765625,0.003692022565802823
2023-04-04,4100.60009765625,-0.005813839745162529
2023-04-05,4090.3798828125,-0.002495481657121423
2023-04-06,4105.02001953125,0.0035727731328032467
2023-04-10,4109.10986328125,0.0009958070170100843
2023-04-11,4108.93994140625,-4.135333298352082e-05
2023-04-12,4091.949951171875,-0.0041434563234613855
2023-04-13,4146.22021484375,0.013175510497831548
2023-04-14,4137.64013671875,-0.0020715175845779886
2023-04-17,4151.31982421875,0.0033007035826147536
2023-04-18,4154.8701171875,0.0008548548034659753
2023-04-19,4154.52001953125,-8.426554793962826e-05
2023-04-20,4129.7900390625,-0.005970335188311131
2023-04-21,4133.52001953125,0.0009027812573008861
2023-04-24,4137.0400390625,0.0008512167782723126
2023-04-25,4071.6298828125,-0.01593718381857645
2023-04-26,4055.989990234375,-0.0038485835033448754
2023-04-27,4135.35009765625,0.019377193402696356
2023-04-28,4169.47998046875,0.008219331313243467
2023-05-01,4167.8701171875,-0.0003861810485107871
2023-05-02,4119.580078125,-0.011653906680571788
2023-05-03,4090.75,-0.007022908054892971
2023-05-04,4061.219970703125,-0.007244913455062742
2023-05-05,4136.25,0.018306166381879797
2023-05-08,4138.1201171875,0.0004520264848820656
2023-05-09,4119.169921875,-0.004589938949059595
2023-05-10,4137.64013671875,0.004473942241914432
2023-05-11,4130.6201171875,-0.0016980648897067581
2023-05-12,4124.080078125,-0.0015845615894390477
2023-05-15,4136.27978515625,0.002953797680316935
2023-05-16,4109.89990234375,-0.006398107681917463
2023-05-17,4158.77001953125,0.011820688622071574
2023-05-18,4198.0498046875,0.009400723063727155
2023-05-19,4191.97998046875,-0.0014469138806754414
2023-05-22,4192.6298828125,0.00015502267980239146
2023-05-23,4145.580078125,-0.011285468768284297
2023-05-24,4115.240234375,-0.007345512678305211
2023-05-25,4151.27978515625,0.008719456079011883
2023-05-26,4205.4501953125,0.012964680931640788
2023-05-30,4205.52001953125,1.660313066576836e-05
2023-05-31,4179.830078125,-0.006127358186214099
2023-06-01,4221.02001953125,0.009806215085853812
2023-06-02,4282.3701171875,0.014429812390107408
2023-06-05,4273.7900390625,-0.002005591490657713
2023-06-06,4283.85009765625,0.002351130233850576
2023-06-07,4267.52001953125,-0.003819293926420617
2023-06-08,4293.93017578125,0.00616957160752325
2023-06-09,4298.85986328125,0.0011474010230505239
2023-06-12,4338.93017578125,0.00927797498175416
2023-06-13,4369.009765625,0.006908570725908898
2023-06-14,4372.58984375,0.0008190899801265841
2023-06-15,4425.83984375,0.012104580493589997
2023-06-16,4409.58984375,-0.0036783764677510893
2023-06-20,4388.7099609375,-0.004746353835236048
2023-06-21,4365.68994140625,-0.005259086366925201
2023-06-22,4381.89013671875,0.0037039303873345254
2023-06-23,4348.330078125,-0.007688288056502158
2023-06-26,4328.81982421875,-0.004496934363132171
2023-06-27,4378.41015625,0.01139073352418076
2023-06-28,4376.85986328125,-0.0003541393883898215
2023-06-29,4396.43994140625,0.00446356811449
2023-06-30,4450.3798828125,0.0121943502618858
2023-07-03,4455.58984375,0.0011699930926736418
2023-07-05,4446.81982421875,-0.0019702580976127164
2023-07-06,4411.58984375,-0.007954061175894762
2023-07-07,4398.9501953125,-0.002869212795733482
2023-07-10,4409.52978515625,0.002402138610626312
2023-07-11,4439.259765625,0.006719583998254874
2023-07-12,4472.16015625,0.007383905235389679
2023-07-13,4510.0400390625,0.008434482989627111
2023-07-14,4505.419921875,-0.001024932196907484
2023-07-17,4522.7900390625,0.0038479695744204137
2023-07-18,4554.97998046875,0.007092066941428338
2023-07-19,4565.72021484375,0.002355134827233639
2023-07-20,4534.8701171875,-0.006779827396257691
2023-07-21,4536.33984375,0.0003240420146130911
2023-07-24,4554.64013671875,0.004026038496874852
2023-07-25,4567.4599609375,0.0028107195758387046
2023-07-26,4566.75,-0.00015545097867591856
2023-07-27,4537.41015625,-0.006445393055197076
2023-07-28,4582.22998046875,0.009829375810433848
2023-07-31,4588.9599609375,0.0014676354365687912
2023-08-01,4576.72998046875,-0.0026686453076827116
2023-08-02,4513.39013671875,-0.013936200638336184
2023-08-03,4501.89013671875,-0.0025512254502915274
2023-08-04,4478.02978515625,-0.0053141693739379705
2023-08-07,4518.43994140625,0.008983618964856572
2023-08-08,4499.3798828125,-0.004227205100058866
2023-08-09,4467.7099609375,-0.007063619102045116
2023-08-10,4468.830078125,0.00025068252108086326
2023-08-11,4464.0498046875,-0.0010702648992294865
2023-08-14,4489.72021484375,0.005734004879419051
2023-08-15,4437.85986328125,-0.011618139396096483
2023-08-16,4404.330078125,-0.007584081792624527
2023-08-17,4370.35986328125,-0.0077428113775290805
2023-08-18,4369.7099609375,-0.00014871788395720285
2023-08-21,4399.77001953125,0.006855634859799785
2023-08-22,4387.5498046875,-0.0027813310465456837
2023-08-23,4436.009765625,0.010984330710791359
2023-08-24,4376.31005859375,-0.01354935398400801
2023-08-25,4405.7099609375,0.006695501060295156
2023-08-28,4433.31005859375,0.006245078594196461
2023-08-29,4497.6298828125,0.014404068712056505
2023-08-30,4514.8701171875,0.003825854181192944
2023-08-31,4507.66015625,-0.0015982129743398576
2023-09-01,4515.77001953125,0.001797512765518541
2023-09-05,4496.830078125,-0.004202997821381205
2023-09-06,4465.47998046875,-0.006996014491432261
2023-09-07,4451.14013671875,-0.003216433115732967
2023-09-08,4457.490234375,0.0014256060622570594
2023-09-11,4487.4599609375,0.006700951498135517
2023-09-12,4461.89990234375,-0.005712169023003997
2023-09-13,4467.43994140625,0.0012408621175346041
2023-09-14,4505.10009765625,0.00839458553366625
2023-09-15,4450.31982421875,-0.012234145842493929
2023-09-18,4453.52978515625,0.0007210276941755188
2023-09-19,4443.9501953125,-0.0021533273615331264
2023-09-20,4402.2001953125,-0.009439204206291041
2023-09-21,4330.0,-0.016536918318488084
2023-09-22,4320.06005859375,-0.0022982374027607495
2023-09-25,4337.43994140625,0.0040149942038066174
2023-09-26,4273.52978515625,-0.014844165482264943
2023-09-27,4274.509765625,0.00022928777229479233
2023-09-28,4299.7001953125,0.005875877143000698
2023-09-29,4288.0498046875,-0.002713259648289315
2023-10-02,4288.39013671875,7.936440615299324e-05
2023-10-03,4229.4501953125,-0.013839395863449198
2023-10-04,4263.75,0.008077047607828946
2023-10-05,4258.18994140625,-0.0013048811469951228
2023-10-06,4308.5,0.011745642093961117
2023-10-09,4335.66015625,0.006284068119387409
2023-10-10,4358.240234375,0.005194476099985354
2023-10-11,4376.9501953125,0.004283819500095073
2023-10-12,4349.60986328125,-0.006266024940654918
2023-10-13,4327.77978515625,-0.005031495660219892
2023-10-16,4373.6298828125,0.010538642302589985
2023-10-17,4373.2001953125,-9.824987944376507e-05
2023-10-18,4314.60009765625,-0.013490408251151898
2023-10-19,4278.0,-0.008519032328057976
2023-10-20,4224.16015625,-0.012665149196155915
2023-10-23,4217.0400390625,-0.0016869920654349177
2023-10-24,4247.68017578125,0.0072395235196288195
2023-10-25,4186.77001953125,-0.014443434657238052
2023-10-26,4137.22998046875,-0.011903081205584871
2023-10-27,4117.3701171875,-0.00481183857862075
2023-10-30,4166.81982421875,0.011938474300285915
2023-10-31,4193.7998046875,0.006454084821688244
2023-11-01,4237.85986328125,0.010451194990191868
2023-11-02,4317.77978515625,0.018682938934086474
2023-11-03,4358.33984375,0.00934988354455146
2023-11-06,4365.97998046875,0.0017514577241005862
2023-11-07,4378.3798828125,0.0028360934017119537
2023-11-08,4382.77978515625,0.0010044110324198868
2023-11-09,4347.35009765625,-0.008116690699068705
2023-11-10,4415.240234375,0.015495759270772258
2023-11-13,4411.5498046875,-0.0008361884413700847
2023-11-14,4495.7001953125,0.01889537047457725
2023-11-15,4502.8798828125,0.0015957382078471765
2023-11-16,4508.240234375,0.0011897193967137305
2023-11-17,4514.02001953125,0.0012812279371779871
2023-11-20,4547.3798828125,0.007363103793795633
2023-11-21,4538.18994140625,-0.002022975931757968
2023-11-22,4556.6201171875,0.004052905094313324
2023-11-24,4559.33984375,0.0005966956096450322
2023-11-27,4550.43017578125,-0.0019560693168983586
2023-11-28,4554.89013671875,0.0009796385280502918
2023-11-29,4550.580078125,-0.0009466966151019382
2023-11-30,4567.7998046875,0.003776931264994605
2023-12-01,4594.6298828125,0.005856558953846637
2023-12-04,4569.77978515625,-0.005423188063826943
2023-12-05,4567.18017578125,-0.0005690315939348026
2023-12-06,4549.33984375,-0.003913851944943747
2023-12-07,4585.58984375,0.007936610684821922
2023-12-08,4604.3701171875,0.0040871341465037936
2023-12-11,4622.43994140625,0.003916813547781492
2023-12-12,4643.7001953125,0.0045888127956924
2023-12-13,4707.08984375,0.01355834517501981
2023-12-14,4719.5498046875,0.002643565185154432
2023-12-15,4719.18994140625,-7.625240044859478e-05
2023-12-18,4740.56005859375,0.004518122263400515
2023-12-19,4768.3701171875,0.005849267450818904
2023-12-20,4698.35009765625,-0.014793147965305628
2023-12-21,4746.75,0.010248769307271876
2023-12-22,4754.6298828125,0.0016586821527610754
2023-12-26,4774.75,0.004222761046978559
2023-12-27,4781.580078125,0.0014294356164229985
2023-12-28,4783.35009765625,0.0003701061103271183
2023-12-29,4769.830078125,-0.0028304770367338357
2024-01-02,4742.830078125,-0.005676660799723162
2024-01-03,4704.81005859375,-0.008048618327197648
2024-01-04,4688.68017578125,-0.003434271663317429
2024-01-05,4697.240234375,0.0018240216394339805
2024-01-08,4763.5400390625,0.014015945436353141
2024-01-09,4756.5,-0.0014789938523175842
2024-01-10,4783.4501953125,0.005649980650495912
2024-01-11,4780.240234375,-0.0006712808369611647
2024-01-12,4783.830078125,0.0007506937530339595
2024-01-16,4765.97998046875,-0.0037383190523568345
2024-01-17,4739.2099609375,-0.005632731271107821
2024-01-18,4780.93994140625,0.008766720726243148
2024-01-19,4839.81005859375,0.012238308232548512
2024-01-22,4850.43017578125,0.0021919211872316853
2024-01-23,4864.60009765625,0.002917115340764486
2024-01-24,4868.5498046875,0.0008115989762168653
2024-01-25,4894.16015625,0.00524657813497798
2024-01-26,4890.97021484375,-0.0006519977554263648
2024-01-29,4927.93017578125,0.007528365505246204
2024-01-30,4924.97021484375,-0.0006008303969786162
2024-01-31,4845.64990234375,-0.016236851740733683
2024-02-01,4906.18994140625,0.012416286114049784
2024-02-02,4958.60986328125,0.01062777072263312
2024-02-05,4942.81005859375,-0.0031914247092839714
2024-02-06,4954.22998046875,0.0023077459317481074
2024-02-07,4995.06005859375,0.008207682594008628
2024-02-08,4997.91015625,0.000570420540090595
2024-02-09,5026.60986328125,0.0057259171287955156
2024-02-12,5021.83984375,-0.0009494041426524416
2024-02-13,4953.169921875,-0.013768609419845444
2024-02-14,5000.6201171875,0.009534168304216807
2024-02-15,5029.72998046875,0.00580437267404004
2024-02-16,5005.56982421875,-0.0048150435759610425
2024-02-20,4975.509765625,-0.0060234264658172495
2024-02-21,4981.7998046875,0.0012634014951035982
2024-02-22,5087.02978515625,0.02090288866640342
2024-02-23,5088.7998046875,0.000347887026502183
2024-02-26,5069.52978515625,-0.003793939244668484
2024-02-27,5078.18017578125,0.001704895538720964
2024-02-28,5069.759765625,-0.001659531321112244
2024-02-29,5096.27001953125,0.0052154704557999644
2024-03-01,5137.080078125,0.007975936433387976
2024-03-04,5130.9501953125,-0.0011939745749630112
2024-03-05,5078.64990234375,-0.010245406275917994
2024-03-06,5104.759765625,0.005127932853001643
2024-03-07,5157.35986328125,0.010251402284983627
2024-03-08,5123.68994140625,-0.006549922992050337
2024-03-11,5117.93994140625,-0.0011228682680281005
2024-03-12,5175.27001953125,0.011139512586668012
2024-03-13,5165.31005859375,-0.0019263840021219723
2024-03-14,5150.47998046875,-0.002875221051495188
2024-03-15,5117.08984375,-0.0065040228597376655
2024-03-18,5149.419921875,0.006298184238480456
2024-03-19,5178.509765625,0.00563325304434312
2024-03-20,5224.6201171875,0.008864765516360184
2024-03-21,5241.52978515625,0.003231309094528888
2024-03-22,5234.18017578125,-0.0014031718343267125
2024-03-25,5218.18994140625,-0.0030596403820319297
2024-03-26,5203.580078125,-0.002803721982805726
2024-03-27,5248.490234375,0.008593595582706042
2024-03-28,5254.35009765625,0.0011158627007616052
2024-04-01,5243.77001953125,-0.0020156145269577246
2024-04-02,5205.81005859375,-0.007265388203672426
2024-04-03,5211.490234375,0.001090527523337898
2024-04-04,5147.2099609375,-0.01241103561926225
2024-04-05,5204.33984375,0.011038050135699558
2024-04-08,5202.39013671875,-0.0003747011900415767
2024-04-09,5209.91015625,0.0014444494736345207
2024-04-10,5160.64013671875,-0.009501981832212592
2024-04-11,5199.06005859375,0.007417221983342437
2024-04-12,5123.41015625,-0.014657587802248536
2024-04-15,5061.81982421875,-0.012094195787459195
2024-04-16,5051.41015625,-0.0020586245275039964
2024-04-17,5022.2099609375,-0.005797375076004185
2024-04-18,5011.1201171875,-0.0022106017004853043
2024-04-19,4967.22998046875,-0.008797129654056974
2024-04-22,5010.60009765625,0.00869335115683908
2024-04-23,5070.5498046875,0.01189356656772209
2024-04-24,5071.6298828125,0.00021298737793290078
2024-04-25,5048.419921875,-0.0045869342701194095
2024-04-26,5099.9599609375,0.010157381332325343
2024-04-29,5116.169921875,0.0031734080766393944
2024-04-30,5035.68994140625,-0.015855551118928123
2024-05-01,5018.39013671875,-0.0034413534856316866
2024-05-02,5064.2001953125,0.009087024725084856
2024-05-03,5127.7900390625,0.012478557659508005
2024-05-06,5180.740234375,0.010273173691247842
2024-05-07,5187.7001953125,0.0013425282288256131
2024-05-08,5187.669921875,-5.835635193424912e-06
2024-05-09,5214.080078125,0.005078032639106711
2024-05-10,5222.68017578125,0.001648040080166728
2024-05-13,5221.419921875,-0.00024133317386520824
2024-05-14,5246.68017578125,0.004826148527454041
2024-05-15,5308.14990234375,0.01164782778729962
2024-05-16,5297.10009765625,-0.0020838374740880464
2024-05-17,5303.27001953125,0.0011640956878937513
2024-05-20,5308.1298828125,0.0009159703084911664
2024-05-21,5321.41015625,0.0024987497668926086
2024-05-22,5307.009765625,-0.0027097912093521476
2024-05-23,5267.83984375,-0.007408162283471933
2024-05-24,5304.72021484375,0.0069766490766732595
2024-05-28,5306.0400390625,0.00024877090688591537
2024-05-29,5266.9501953125,-0.007394317215742535
2024-05-30,5235.47998046875,-0.005992957535754186
2024-05-31,5277.509765625,0.007995824231928897
2024-06-03,5283.39990234375,0.0011154602235352391
2024-06-04,5291.33984375,0.0015016810037827531
2024-06-05,5354.02978515625,0.011778015849957281
2024-06-06,5352.9599609375,-0.00019983660163685183
2024-06-07,5346.990234375,-0.0011158420502790662
2024-06-10,5360.7900390625,0.002577529978240972
2024-06-11,5375.31982421875,0.0027067148552095224
2024-06-12,5421.02978515625,0.008467720241887338
2024-06-13,5433.740234375,0.00234191143711672
2024-06-14,5431.60009765625,-0.00039393828099749413
2024-06-17,5473.22998046875,0.007635164372320518
2024-06-18,5487.02978515625,0.0025181541815171163
2024-06-20,5473.169921875,-0.0025291273954115403
2024-06-21,5464.6201171875,-0.0015633517188252497
2024-06-24,5447.8701171875,-0.0030698791558664423
2024-06-25,5469.2998046875,0.003925873679181344
2024-06-26,5477.89990234375,0.0015711962247204525
2024-06-27,5482.8701171875,0.0009069098567990731
2024-06-28,5460.47998046875,-0.0040920134623695995
2024-07-01,5475.08984375,0.0026719909814295235
2024-07-02,5509.009765625,0.0061762057711850496
2024-07-03,5537.02001953125,0.0050715622695336636
2024-07-05,5567.18994140625,0.00543397436096954
2024-07-08,5572.85009765625,0.0010161824764044329
2024-07-09,5576.97998046875,0.0007407974780654752
2024-07-10,5633.91015625,0.010156314878105886
2024-07-11,5584.5400390625,-0.008801649969266724
2024-07-12,5615.35009765625,0.00550186402496512
2024-07-15,5631.22021484375,0.0028222164233526843
2024-07-16,5667.2001953125,0.0063690499714532745
2024-07-17,5588.27001953125,-0.014025441523645543
2024-07-18,5544.58984375,-0.007847112145350072
2024-07-19,5505.0,-0.007165879226406085
2024-07-22,5564.41015625,0.010734217246220293
2024-07-23,5555.740234375,-0.0015593176939461904
2024-07-24,5427.1298828125,-0.02342124222289286
2024-07-25,5399.22021484375,-0.005155889019717259
2024-07-26,5459.10009765625,0.011029420409570924
2024-07-29,5463.5400390625,0.0008129795718284517
2024-07-30,5436.43994140625,-0.0049725143613676215
2024-07-31,5522.2998046875,0.015669980701917767
2024-08-01,5446.68017578125,-0.013788123791990166
2024-08-02,5346.56005859375,-0.01855290660855327
2024-08-05,5186.330078125,-0.0304270413923931
2024-08-06,5240.02978515625,0.010300849493599515
2024-08-07,5199.5,-0.007764715388769489
2024-08-08,5319.31005859375,0.02278113959089888
2024-08-09,5344.16015625,0.004660798434381699
2024-08-12,5344.39013671875,4.30330517200971e-05
2024-08-13,5434.43017578125,0.016707233419049988
2024-08-14,5455.2099609375,0.00381643656119841
2024-08-15,5543.22021484375,0.01600448993130413
2024-08-16,5554.25,0.0019878023683961516
2024-08-19,5608.25,0.009675327436177775
2024-08-20,5597.1201171875,-0.001986527237609709
2024-08-21,5620.85009765625,0.004230714721006796
2024-08-22,5570.64013671875,-0.00897294225665722
2024-08-23,5634.60986328125,0.01141793740166443
2024-08-26,5616.83984375,-0.0031587101696058145
2024-08-27,5625.7998046875,0.0015939251127232035
2024-08-28,5592.18017578125,-0.005993900794735212
2024-08-29,5591.9599609375,-3.937984343658622e-05
2024-08-30,5648.39990234375,0.010042457079144168
2024-09-03,5528.93017578125,-0.021377963372397696
2024-09-04,5520.06982421875,-0.0016038290273809634
2024-09-05,5503.41015625,-0.003022581014674196
2024-09-06,5408.419921875,-0.017410944507424406
2024-09-09,5471.0498046875,0.011513534435818254
2024-09-10,5495.52001953125,0.004462699977793541
2024-09-11,5554.1298828125,0.01060855564984334
2024-09-12,5595.759765625,0.00746735215680267
2024-09-13,5626.02001953125,0.0053931422343560355
2024-09-16,5633.08984375,0.0012558408673102855
2024-09-17,5634.580078125,0.00026451509389645083
2024-09-18,5618.259765625,-0.0029006587083132912
2024-09-19,5713.64013671875,0.016834356892725128
2024-09-20,5702.5498046875,-0.0019429136300157343
2024-09-23,5718.56982421875,0.0028053344257131223
2024-09-24,5732.93017578125,0.002508031103345345
2024-09-25,5722.259765625,-0.001862983206212128
2024-09-26,5745.3701171875,0.004030542158199222
2024-09-27,5738.169921875,-0.0012540029000721238
2024-09-30,5762.47998046875,0.004227603658441509
2024-10-01,5708.75,-0.009367848694454447
2024-10-02,5709.5400390625,0.00013838132698647728
2024-10-03,5699.93994140625,-0.0016828286544586894
2024-10-04,5751.06982421875,0.008930255699186382
2024-10-07,5695.93994140625,-0.009632263829388773
2024-10-08,5751.1298828125,0.009642706804694385
2024-10-09,5792.0400390625,0.007088231016994585
2024-10-10,5780.0498046875,-0.0020722685059824846
2024-10-11,5815.02978515625,0.00603360870729872
2024-10-14,5859.85009765625,0.007678114574594323
2024-10-15,5815.259765625,-0.0076385660375134215
2024-10-16,5842.47021484375,0.004668232782779766
2024-10-17,5841.47021484375,-0.00017117512853816633
2024-10-18,5864.669921875,0.003963686942774387
2024-10-21,5853.97998046875,-0.001824432756419033
2024-10-22,5851.2001953125,-0.0004749666671957937
2024-10-23,5797.419921875,-0.009233824267679564
2024-10-24,5809.85986328125,0.0021434731305568283
2024-10-25,5808.1201171875,-0.00029949201318627087
2024-10-28,5823.52001953125,0.002647934626732945
2024-10-29,5832.919921875,0.0016128259449012198
2024-10-30,5813.669921875,-0.0033056916724881185
2024-10-31,5705.4501953125,-0.018790134928745348
2024-11-01,5728.7998046875,0.004084158004525459
2024-11-04,5712.68994140625,-0.0028160448131902913
2024-11-05,5782.759765625,0.012191031029563081
2024-11-06,5929.0400390625,0.024981280957186654
2024-11-07,5973.10009765625,0.007403754173995657
2024-11-08,5995.5400390625,0.0037497940357180464
2024-11-11,6001.35009765625,0.0009685941909569238
2024-11-12,5983.990234375,-0.0028968514769364996
2024-11-13,5985.3798828125,0.00023220076414018386
2024-11-14,5949.169921875,-0.006068108582244
2024-11-15,5870.6201171875,-0.013291430866793769
2024-11-18,5893.6201171875,0.003910159746206537
2024-11-19,5916.97998046875,0.003955750520596487
2024-11-20,5917.10986328125,2.19506213354446e-05
2024-11-21,5948.7099609375,0.005326251844288491
2024-11-22,5969.33984375,0.0034619595915364653
2024-11-25,5987.3701171875,0.0030159278201245415
2024-11-26,6021.6298828125,0.005705697155263866
2024-11-27,5998.740234375,-0.003808481083577712
2024-11-29,6032.3798828125,0.005592120396801623
2024-12-02,6047.14990234375,0.0024454638805813736
2024-12-03,6049.8798828125,0.0004513472420221813
2024-12-04,6086.490234375,0.00603318162813612
2024-12-05,6075.10986328125,-0.0018715258393823342
2024-12-06,6090.27001953125,0.0024923453675383123
2024-12-09,6052.85009765625,-0.006163167285227462
2024-12-10,6034.91015625,-0.002968284314279252
2024-12-11,6084.18994140625,0.008132626411368235
2024-12-12,6051.25,-0.005428731461463251
2024-12-13,6051.08984375,-2.646698937187397e-05
2024-12-16,6074.080078125,0.0037921550087844295
2024-12-17,6050.60986328125,-0.0038714794806554956
2024-12-18,5872.16015625,-0.02993650530451818
2024-12-19,5867.080078125,-0.0008654867505367934
2024-12-20,5930.85009765625,0.010810479402397299
2024-12-23,5974.06982421875,0.007260849585616372
2024-12-24,6040.0400390625,0.010982233165126825
2024-12-26,6037.58984375,-0.0004057410882578191
2024-12-27,5970.83984375,-0.01111730496491221
2024-12-30,5906.93994140625,-0.010759673941729728
